query,x[m],y[m],z[m],th[deg],ph[deg],query_pix,dilated_pix,lapse time[ms]
0,\workspa,e\UMap\S,N\gazebo,am\que,\query,2607,2607,236
DB No.,x[m],y[m],z[m],th[deg],ph[deg],A,B,Bcon,C,D,E,Econ,F,sim_index,SPV_and,SPV_in, SPV_db 
0000001,-010.000,-002.000,0000.200,0000.0,0000.0,1575,940,604,92,1794,12358,7265,44681,0.158146,0,12,0
0000002,-009.950,-002.000,0000.200,0000.0,0000.0,1476,904,564,227,1915,12991,7607,43927,0.174923,0,14,0
0000003,-009.900,-002.000,0000.200,0000.0,0000.0,1473,912,630,222,1872,14050,8091,42911,0.190221,0,13,0
0000004,-009.850,-002.000,0000.200,0000.0,0000.0,1473,983,741,151,1978,14690,8537,42165,0.194547,0,11,0
0000005,-009.800,-002.000,0000.200,0000.0,0000.0,1279,1135,729,193,1943,14678,8714,42212,0.202637,0,12,0
0000006,-009.750,-002.000,0000.200,0000.0,0000.0,1274,1174,813,159,1984,15381,9248,41468,0.211719,0,12,0
0000007,-009.700,-002.000,0000.200,0000.0,0000.0,1289,1086,749,232,1546,13065,7920,44222,0.236215,0,11,0
0000008,-009.650,-002.000,0000.200,0000.0,0000.0,1281,1155,778,171,1681,14119,8393,43033,0.221315,0,10,0
0000009,-009.600,-002.000,0000.200,0000.0,0000.0,1292,1047,705,268,1423,12488,7441,44922,0.241439,0,11,0
0000010,-009.550,-002.000,0000.200,0000.0,0000.0,1285,1090,696,232,1496,13754,7990,43583,0.226176,0,12,0
0000011,-009.500,-002.000,0000.200,0000.0,0000.0,1276,1190,759,141,1588,15102,8595,42143,0.214541,0,10,0
0000012,-009.450,-002.000,0000.200,0000.0,0000.0,1266,1265,751,76,1664,16464,9137,40705,0.193631,0,11,0
0000013,-009.400,-002.000,0000.200,0000.0,0000.0,1372,1060,489,175,1530,14991,8514,42312,0.160503,0,12,0
0000014,-009.350,-002.000,0000.200,0000.0,0000.0,1518,998,497,91,1739,16139,9032,40955,0.135297,0,12,0
0000015,-009.300,-002.000,0000.200,0000.0,0000.0,1646,874,453,87,1584,15707,8544,41542,0.128848,0,12,0
0000016,-009.250,-002.000,0000.200,0000.0,0000.0,1798,728,363,81,1181,10029,5571,47623,0.117212,0,10,0
0000017,-009.200,-002.000,0000.200,0000.0,0000.0,1763,765,449,79,1095,10468,5396,47270,0.142626,0,10,0
0000018,-009.150,-002.000,0000.200,0000.0,0000.0,1686,783,476,138,1104,9301,5141,48428,0.165454,0,10,0
0000019,-009.100,-002.000,0000.200,0000.0,0000.0,1609,892,551,106,1026,5692,3302,52115,0.180842,0,9,0
0000020,-009.050,-002.000,0000.200,0000.0,0000.0,1513,937,542,157,969,5965,3479,51899,0.19547,0,9,0
0000021,-009.000,-002.000,0000.200,0000.0,0000.0,1513,1006,596,88,1069,6326,3610,51438,0.186072,0,9,0
0000022,-008.950,-002.000,0000.200,0000.0,0000.0,1512,1006,543,89,1093,6763,3817,50977,0.170811,0,9,0
0000023,-008.900,-002.000,0000.200,0000.0,0000.0,1445,1068,490,94,1194,6917,4017,50722,0.153644,0,10,0
0000024,-008.850,-002.000,0000.200,0000.0,0000.0,1626,887,468,94,1265,7442,4251,50126,0.145145,0,10,0
0000025,-008.800,-002.000,0000.200,0000.0,0000.0,1719,790,430,98,1440,7942,4559,49451,0.130467,0,12,0
0000026,-008.750,-002.000,0000.200,0000.0,0000.0,1575,948,460,84,1366,8900,5312,48567,0.136924,0,11,0
0000027,-008.700,-002.000,0000.200,0000.0,0000.0,1656,861,414,90,1445,9940,5839,47448,0.124383,0,12,0
0000028,-008.650,-002.000,0000.200,0000.0,0000.0,1666,803,445,138,1359,11980,6585,45494,0.146999,0,11,0
0000029,-008.600,-002.000,0000.200,0000.0,0000.0,1666,792,501,149,1516,13065,7030,44252,0.157652,0,12,0
0000030,-008.550,-002.000,0000.200,0000.0,0000.0,1570,858,524,179,1507,13880,7455,43446,0.17088,0,11,0
0000031,-008.500,-002.000,0000.200,0000.0,0000.0,1493,969,562,145,1363,11127,5911,46343,0.178086,0,10,0
0000032,-008.450,-002.000,0000.200,0000.0,0000.0,1553,957,550,97,1517,11382,6018,45934,0.156887,0,11,0
0000033,-008.400,-002.000,0000.200,0000.0,0000.0,1489,922,386,196,1443,11330,6207,46060,0.143704,0,12,0
0000034,-008.350,-002.000,0000.200,0000.0,0000.0,1604,905,437,98,1486,11083,6018,46264,0.130711,0,11,0
0000035,-008.300,-002.000,0000.200,0000.0,0000.0,1713,700,331,194,1387,11295,6146,46151,0.131447,0,12,0
0000036,-008.250,-002.000,0000.200,0000.0,0000.0,1802,709,307,96,1480,11263,6147,46090,0.0986053,0,12,0
0000037,-008.200,-002.000,0000.200,0000.0,0000.0,1931,577,290,99,1494,9812,5401,47527,0.0948549,12,12,99
0000038,-008.150,-002.000,0000.200,0000.0,0000.0,1797,686,336,124,1490,8154,4619,49189,0.112277,0,13,0
0000039,-008.100,-002.000,0000.200,0000.0,0000.0,1762,748,402,97,1331,8982,4678,48520,0.126714,0,12,0
0000040,-008.050,-002.000,0000.200,0000.0,0000.0,1685,765,436,157,1476,8267,4748,49090,0.145236,0,13,0
0000041,-008.000,-002.000,0000.200,0000.0,0000.0,1704,670,429,233,1222,5419,3374,52192,0.172891,0,12,0
0000042,-007.950,-002.000,0000.200,0000.0,0000.0,1614,846,538,147,1108,5706,3633,52019,0.184388,0,8,0
0000043,-007.900,-002.000,0000.200,0000.0,0000.0,1518,906,581,183,1191,6011,3880,51631,0.201159,0,9,0
0000044,-007.850,-002.000,0000.200,0000.0,0000.0,1518,937,648,152,1268,6424,4137,51141,0.206452,0,9,0
0000045,-007.800,-002.000,0000.200,0000.0,0000.0,1324,1053,636,230,1217,6984,4562,50632,0.226464,0,9,0
0000046,-007.750,-002.000,0000.200,0000.0,0000.0,1321,1140,755,146,1413,7520,4779,49900,0.224129,0,8,0
0000047,-007.700,-002.000,0000.200,0000.0,0000.0,1315,1180,842,112,1602,8429,5261,48802,0.226657,0,9,0
0000048,-007.650,-002.000,0000.200,0000.0,0000.0,1308,1140,745,159,1595,9733,6069,47505,0.215136,0,11,0
0000049,-007.600,-002.000,0000.200,0000.0,0000.0,1299,1141,744,167,1608,11123,6744,46102,0.216133,0,10,0
0000050,-007.550,-002.000,0000.200,0000.0,0000.0,1289,1183,767,135,1670,12726,7530,44437,0.210895,0,11,0
0000051,-007.500,-002.000,0000.200,0000.0,0000.0,1377,1095,712,135,1740,14359,8465,42734,0.194847,0,11,0
0000052,-007.450,-002.000,0000.200,0000.0,0000.0,1273,1185,741,149,2054,15950,9200,40829,0.190946,0,13,0
0000053,-007.400,-002.000,0000.200,0000.0,0000.0,1279,1148,678,180,1792,15669,8963,41372,0.195044,0,12,0
0000054,-007.350,-002.000,0000.200,0000.0,0000.0,1397,1064,580,146,1364,11537,6776,45932,0.182825,0,9,0
0000055,-007.300,-002.000,0000.200,0000.0,0000.0,1483,976,563,148,1373,12801,7308,44659,0.178643,0,9,0
0000056,-007.250,-002.000,0000.200,0000.0,0000.0,1480,952,571,175,1379,13159,7342,44295,0.187155,0,9,0
0000057,-007.200,-002.000,0000.200,0000.0,0000.0,1499,1026,608,82,1349,10294,5905,47190,0.174419,0,9,0
0000058,-007.150,-002.000,0000.200,0000.0,0000.0,1499,949,523,159,1317,11294,6420,46222,0.173802,0,10,0
0000059,-007.100,-002.000,0000.200,0000.0,0000.0,1500,1027,582,80,1580,11415,6734,45838,0.158108,0,10,0
0000060,-007.050,-002.000,0000.200,0000.0,0000.0,1421,1108,546,78,1200,8764,5067,48869,0.163909,0,8,0
0000061,-007.000,-002.000,0000.200,0000.0,0000.0,1324,1109,480,174,1117,9477,5103,48239,0.175618,0,9,0
0000062,-006.950,-002.000,0000.200,0000.0,0000.0,1394,1139,572,74,1304,8913,5160,48616,0.165175,0,8,0
0000063,-006.900,-002.000,0000.200,0000.0,0000.0,1504,1029,527,74,1198,9076,5246,48559,0.15795,0,8,0
0000064,-006.850,-002.000,0000.200,0000.0,0000.0,1430,1008,471,169,1109,9229,5404,48495,0.172228,0,9,0
0000065,-006.800,-002.000,0000.200,0000.0,0000.0,1584,930,536,93,1206,9431,5446,48196,0.164962,0,8,0
0000066,-006.750,-002.000,0000.200,0000.0,0000.0,1581,922,471,104,1313,9432,5481,48088,0.146684,0,10,0
0000067,-006.700,-002.000,0000.200,0000.0,0000.0,1577,924,453,106,1415,9619,5572,47799,0.138986,0,11,0
0000068,-006.650,-002.000,0000.200,0000.0,0000.0,1691,786,438,130,1167,9965,5738,47701,0.150503,0,9,0
0000069,-006.600,-002.000,0000.200,0000.0,0000.0,1690,785,474,132,1301,10117,5772,47415,0.155067,0,10,0
0000070,-006.550,-002.000,0000.200,0000.0,0000.0,1690,787,501,130,1318,10286,5837,47229,0.160764,0,10,0
0000071,-006.500,-002.000,0000.200,0000.0,0000.0,1594,942,583,71,1393,10315,5884,47125,0.1635,0,9,0
0000072,-006.450,-002.000,0000.200,0000.0,0000.0,1594,877,542,136,1346,10580,6046,46907,0.171515,0,9,0
0000073,-006.400,-002.000,0000.200,0000.0,0000.0,1498,971,558,138,1375,10749,6196,46709,0.174787,0,9,0
0000074,-006.350,-002.000,0000.200,0000.0,0000.0,1497,962,557,148,1495,11057,6335,46281,0.171867,0,11,0
0000075,-006.300,-002.000,0000.200,0000.0,0000.0,1497,1024,604,86,1651,11221,6358,45961,0.162048,0,11,0
0000076,-006.250,-002.000,0000.200,0000.0,0000.0,1497,957,526,153,1496,11700,6661,45637,0.165489,0,11,0
0000077,-006.200,-002.000,0000.200,0000.0,0000.0,1498,1040,590,69,1515,11807,6880,45511,0.159874,0,9,0
0000078,-006.150,-002.000,0000.200,0000.0,0000.0,1421,1023,499,163,1159,8758,5135,48916,0.175783,0,8,0
0000079,-006.100,-002.000,0000.200,0000.0,0000.0,1324,1120,468,163,1060,8881,5265,48892,0.172075,0,8,0
0000080,-006.050,-002.000,0000.200,0000.0,0000.0,1467,1064,517,76,1262,8922,5211,48649,0.15327,0,8,0
0000081,-006.000,-002.000,0000.200,0000.0,0000.0,1427,1106,552,74,1371,9035,5241,48427,0.157366,0,8,0
0000082,-005.950,-002.000,0000.200,0000.0,0000.0,1430,1009,470,168,1154,9224,5363,48455,0.169636,0,9,0
0000083,-005.900,-002.000,0000.200,0000.0,0000.0,1523,902,432,182,1085,10059,5423,47689,0.166306,0,8,0
0000084,-005.850,-002.000,0000.200,0000.0,0000.0,1581,936,499,90,1261,9564,5530,48008,0.152275,0,9,0
0000085,-005.800,-002.000,0000.200,0000.0,0000.0,1578,940,464,89,1152,9714,5659,47967,0.147114,0,8,0
0000086,-005.750,-002.000,0000.200,0000.0,0000.0,1691,791,440,125,1217,9936,5744,47680,0.147751,0,9,0
0000087,-005.700,-002.000,0000.200,0000.0,0000.0,1691,780,468,136,1308,10065,5744,47460,0.154278,0,10,0
0000088,-005.650,-002.000,0000.200,0000.0,0000.0,1691,782,494,134,1300,10268,5790,47265,0.160737,0,10,0
0000089,-005.600,-002.000,0000.200,0000.0,0000.0,1594,945,583,68,1424,10289,5820,47120,0.161498,0,9,0
0000090,-005.550,-002.000,0000.200,0000.0,0000.0,1594,867,531,146,1434,10487,5915,46912,0.167533,0,10,0
0000091,-005.500,-002.000,0000.200,0000.0,0000.0,1498,961,548,148,1452,10613,6046,46768,0.171471,0,10,0
0000092,-005.450,-002.000,0000.200,0000.0,0000.0,1497,968,559,142,1440,11026,6323,46367,0.173215,0,10,0
0000093,-005.400,-002.000,0000.200,0000.0,0000.0,1497,1001,612,109,1616,11253,6434,45964,0.170732,0,9,0
0000094,-005.350,-002.000,0000.200,0000.0,0000.0,1497,957,525,153,1487,11769,6739,45577,0.165608,0,10,0
0000095,-005.300,-002.000,0000.200,0000.0,0000.0,1497,1039,600,71,1500,11946,6774,45387,0.16338,0,9,0
0000096,-005.250,-002.000,0000.200,0000.0,0000.0,1421,1023,476,163,1013,8810,5124,49010,0.176519,0,8,0
0000097,-005.200,-002.000,0000.200,0000.0,0000.0,1324,1120,464,163,1025,8926,5217,48882,0.172632,0,8,0
0000098,-005.150,-002.000,0000.200,0000.0,0000.0,1474,1068,507,65,1141,8907,5145,48785,0.152615,0,7,0
0000099,-005.100,-002.000,0000.200,0000.0,0000.0,1435,1117,530,55,1080,9079,5294,48674,0.158666,0,6,0
0000100,-005.050,-002.000,0000.200,0000.0,0000.0,1437,1021,484,149,1102,9312,5423,48419,0.170666,0,7,0
0000101,-005.000,-002.000,0000.200,0000.0,0000.0,1531,896,415,180,1065,9436,5508,48332,0.162037,0,8,0
0000102,-004.950,-002.000,0000.200,0000.0,0000.0,1589,928,482,90,1235,9471,5420,48127,0.148881,0,9,0
0000103,-004.900,-002.000,0000.200,0000.0,0000.0,1586,930,465,91,1235,9556,5462,48042,0.144716,0,9,0
0000104,-004.850,-002.000,0000.200,0000.0,0000.0,1699,787,427,121,1122,9948,5699,47763,0.146956,0,8,0
0000105,-004.800,-002.000,0000.200,0000.0,0000.0,1698,789,462,120,1033,10704,5658,47096,0.15989,0,8,0
0000106,-004.750,-002.000,0000.200,0000.0,0000.0,1698,730,442,179,1207,10235,5818,47391,0.162821,0,9,0
0000107,-004.700,-002.000,0000.200,0000.0,0000.0,1601,888,534,118,1417,10258,5862,47158,0.162028,0,9,0
0000108,-004.650,-002.000,0000.200,0000.0,0000.0,1601,878,527,128,1311,10624,6009,46898,0.167177,0,8,0
0000109,-004.600,-002.000,0000.200,0000.0,0000.0,1505,962,541,140,1410,10655,6047,46768,0.169529,0,9,0
0000110,-004.550,-002.000,0000.200,0000.0,0000.0,1505,958,544,144,1429,10825,6092,46579,0.170466,0,10,0
0000111,-004.500,-002.000,0000.200,0000.0,0000.0,1504,996,574,107,1478,11210,6371,46145,0.166707,0,9,0
0000112,-004.450,-002.000,0000.200,0000.0,0000.0,1504,945,501,158,1357,11768,6684,45708,0.166246,0,9,0
0000113,-004.400,-002.000,0000.200,0000.0,0000.0,1504,1021,571,82,1454,11838,6711,45541,0.160798,0,8,0
0000114,-004.350,-002.000,0000.200,0000.0,0000.0,1428,1018,458,161,1080,8739,5072,49014,0.167887,0,8,0
0000115,-004.300,-002.000,0000.200,0000.0,0000.0,1331,1124,456,152,1023,8991,5281,48819,0.167493,0,7,0
0000116,-004.250,-002.000,0000.200,0000.0,0000.0,1474,1065,502,68,1221,8956,5153,48656,0.148903,0,7,0
0000117,-004.200,-002.000,0000.200,0000.0,0000.0,1435,1108,515,64,1209,9011,5178,48613,0.15173,0,7,0
0000118,-004.150,-002.000,0000.200,0000.0,0000.0,1438,1105,548,64,1211,9152,5254,48470,0.160293,0,7,0
0000119,-004.100,-002.000,0000.200,0000.0,0000.0,1531,921,425,155,1050,9464,5457,48319,0.1586,0,7,0
0000120,-004.050,-002.000,0000.200,0000.0,0000.0,1589,961,519,57,1279,9552,5469,48002,0.148224,0,8,0
0000121,-004.000,-002.000,0000.200,0000.0,0000.0,1586,957,483,64,1290,9603,5562,47940,0.140364,0,8,0
0000122,-003.950,-002.000,0000.200,0000.0,0000.0,1602,877,419,128,1431,9817,5646,47585,0.135463,0,10,0
0000123,-003.900,-002.000,0000.200,0000.0,0000.0,1697,713,386,197,1538,9957,5607,47338,0.140651,0,12,0
0000124,-003.850,-002.000,0000.200,0000.0,0000.0,1697,722,422,188,1464,10155,5681,47214,0.14984,0,11,0
0000125,-003.800,-002.000,0000.200,0000.0,0000.0,1602,870,505,135,1486,10113,5664,47234,0.156365,0,10,0
0000126,-003.750,-002.000,0000.200,0000.0,0000.0,1630,836,509,141,1539,10324,5775,46970,0.156778,0,9,0
0000127,-003.700,-002.000,0000.200,0000.0,0000.0,1534,933,512,140,1296,11136,5866,46401,0.167051,0,9,0
0000128,-003.650,-002.000,0000.200,0000.0,0000.0,1534,934,528,139,1463,10807,6090,46563,0.163882,0,10,0
0000129,-003.600,-002.000,0000.200,0000.0,0000.0,1534,963,577,110,1624,10981,6133,46228,0.162373,0,10,0
0000130,-003.550,-002.000,0000.200,0000.0,0000.0,1534,922,574,151,1677,11330,6244,45826,0.169234,0,11,0
0000131,-003.500,-002.000,0000.200,0000.0,0000.0,1533,1015,647,59,1479,11820,6543,45534,0.172785,0,8,0
0000132,-003.450,-002.000,0000.200,0000.0,0000.0,1457,931,517,219,1092,8748,4996,48993,0.198973,0,8,0
0000133,-003.400,-002.000,0000.200,0000.0,0000.0,1360,1015,542,232,1301,8710,4985,48822,0.198055,0,9,0
0000134,-003.350,-002.000,0000.200,0000.0,0000.0,1359,1110,661,138,1412,8866,5023,48555,0.198806,0,8,0
0000135,-003.300,-002.000,0000.200,0000.0,0000.0,1357,1117,678,133,1410,9159,5125,48264,0.201892,0,8,0
0000136,-003.250,-002.000,0000.200,0000.0,0000.0,1355,1174,735,78,1359,9553,5271,47921,0.204992,0,7,0
0000137,-003.200,-002.000,0000.200,0000.0,0000.0,1352,1012,595,243,1313,9951,5404,47569,0.213776,0,8,0
0000138,-003.150,-002.000,0000.200,0000.0,0000.0,1349,1111,653,147,1400,10205,5443,47228,0.199651,0,10,0
0000139,-003.100,-002.000,0000.200,0000.0,0000.0,1349,1144,622,114,1444,10235,5513,47154,0.181684,0,9,0
0000140,-003.050,-002.000,0000.200,0000.0,0000.0,1443,1080,582,84,1453,10465,5655,46915,0.164039,0,9,0
0000141,-003.000,-002.000,0000.200,0000.0,0000.0,1593,935,529,79,1601,10638,5732,46594,0.144487,0,10,0
0000142,-002.950,-002.000,0000.200,0000.0,0000.0,1596,888,475,123,1543,10866,5901,46424,0.144096,0,10,0
0000143,-002.900,-002.000,0000.200,0000.0,0000.0,1589,934,478,84,1546,11181,6145,46106,0.135324,0,9,0
0000144,-002.850,-002.000,0000.200,0000.0,0000.0,1602,905,441,100,1566,11375,6267,45892,0.129643,0,9,0
0000145,-002.800,-002.000,0000.200,0000.0,0000.0,1643,847,410,117,1740,11515,6301,45578,0.121233,0,11,0
0000146,-002.750,-002.000,0000.200,0000.0,0000.0,1663,860,437,84,1689,11893,6597,45251,0.121276,0,10,0
0000147,-002.700,-002.000,0000.200,0000.0,0000.0,1754,766,431,87,1743,12358,6867,44732,0.11908,0,10,0
0000148,-002.650,-002.000,0000.200,0000.0,0000.0,1772,752,407,83,1771,12832,7271,44230,0.111923,0,11,0
0000149,-002.600,-002.000,0000.200,0000.0,0000.0,1633,896,432,78,1645,13594,7350,43594,0.119944,0,11,0
0000150,-002.550,-002.000,0000.200,0000.0,0000.0,1740,788,376,79,1502,9687,5627,47644,0.110733,0,10,0
0000151,-002.500,-002.000,0000.200,0000.0,0000.0,1758,695,386,154,1432,10048,5811,47353,0.133696,0,10,0
0000152,-002.450,-002.000,0000.200,0000.0,0000.0,1758,720,471,129,1457,10378,5957,46998,0.147638,0,10,0
0000153,-002.400,-002.000,0000.200,0000.0,0000.0,1662,804,532,141,1557,10521,6085,46755,0.161623,0,10,0
0000154,-002.350,-002.000,0000.200,0000.0,0000.0,1566,798,525,243,1458,10986,6447,46389,0.18893,0,10,0
0000155,-002.300,-002.000,0000.200,0000.0,0000.0,1597,893,681,117,1506,11318,6645,46009,0.194019,0,8,0
0000156,-002.250,-002.000,0000.200,0000.0,0000.0,1500,966,673,141,1499,11517,6905,45817,0.198246,0,8,0
0000157,-002.200,-002.000,0000.200,0000.0,0000.0,1400,1114,763,93,1539,11581,7037,45713,0.206464,0,7,0
0000158,-002.150,-002.000,0000.200,0000.0,0000.0,1395,905,646,307,1333,12496,7623,45004,0.241878,0,9,0
0000159,-002.100,-002.000,0000.200,0000.0,0000.0,1388,1068,720,151,1502,13452,8116,43879,0.211974,0,8,0
0000160,-002.050,-002.000,0000.200,0000.0,0000.0,1387,975,657,245,1499,13555,8044,43779,0.219679,0,10,0
0000161,-002.000,-002.000,0000.200,0000.0,0000.0,1391,1093,764,123,1559,12854,7440,44420,0.212914,0,10,0
0000162,-001.950,-002.000,0000.200,0000.0,0000.0,1384,1171,771,52,1544,14119,8042,43170,0.198265,0,8,0
0000163,-001.900,-002.000,0000.200,0000.0,0000.0,1383,1109,715,115,1404,15677,8779,41752,0.206931,0,8,0
0000164,-001.850,-002.000,0000.200,0000.0,0000.0,1489,1069,575,49,1347,14103,7992,43383,0.157815,0,7,0
0000165,-001.800,-002.000,0000.200,0000.0,0000.0,1528,1035,500,44,1384,15657,8804,41792,0.136307,0,7,0
0000166,-001.750,-002.000,0000.200,0000.0,0000.0,1727,827,457,53,1507,17076,9415,40250,0.123967,0,8,0
0000167,-001.700,-002.000,0000.200,0000.0,0000.0,1798,763,349,46,1148,12870,7052,44815,0.105193,0,7,0
0000168,-001.650,-002.000,0000.200,0000.0,0000.0,1876,688,367,43,932,9807,5424,48094,0.115852,0,6,0
0000169,-001.600,-002.000,0000.200,0000.0,0000.0,1809,706,398,92,806,9511,5265,48516,0.143569,0,5,0
0000170,-001.550,-002.000,0000.200,0000.0,0000.0,1809,677,436,121,826,8979,4924,49028,0.162249,0,6,0
0000171,-001.500,-002.000,0000.200,0000.0,0000.0,1732,766,484,109,596,6551,3348,51686,0.185139,0,4,0
0000172,-001.450,-002.000,0000.200,0000.0,0000.0,1636,894,533,77,680,6083,3424,52070,0.18558,0,4,0
0000173,-001.400,-002.000,0000.200,0000.0,0000.0,1646,927,515,34,659,6459,3586,51715,0.168096,0,3,0
0000174,-001.350,-002.000,0000.200,0000.0,0000.0,1608,960,467,39,753,6603,3724,51477,0.150595,0,4,0
0000175,-001.300,-002.000,0000.200,0000.0,0000.0,1682,886,412,39,788,7030,4025,51015,0.132842,0,4,0
0000176,-001.250,-002.000,0000.200,0000.0,0000.0,1773,697,331,137,735,7696,4400,50402,0.140036,0,5,0
0000177,-001.200,-002.000,0000.200,0000.0,0000.0,1791,772,375,44,994,8178,4751,49661,0.116357,0,6,0
0000178,-001.150,-002.000,0000.200,0000.0,0000.0,1720,848,362,39,1024,9182,5456,48627,0.110438,0,6,0
0000179,-001.100,-002.000,0000.200,0000.0,0000.0,1889,681,396,37,1313,10831,6395,46689,0.110459,0,8,0
0000180,-001.050,-002.000,0000.200,0000.0,0000.0,1810,691,416,106,1391,13302,7550,44140,0.130565,0,9,0
0000181,-001.000,-002.000,0000.200,0000.0,0000.0,1708,862,532,37,1562,14961,8114,42310,0.136484,0,8,0
0000182,-000.950,-002.000,0000.200,0000.0,0000.0,1629,850,484,128,1193,13150,7065,44490,0.161053,0,7,0
0000183,-000.900,-002.000,0000.200,0000.0,0000.0,1636,908,521,63,1366,13709,7170,43758,0.146992,0,7,0
0000184,-000.850,-002.000,0000.200,0000.0,0000.0,1660,810,371,137,1312,14062,7438,43459,0.129625,0,8,0
0000185,-000.800,-002.000,0000.200,0000.0,0000.0,1775,791,387,41,1395,13856,7315,43582,0.106947,0,7,0
0000186,-000.750,-002.000,0000.200,0000.0,0000.0,1826,642,276,139,1273,13223,7182,44337,0.106959,0,8,0
0000187,-000.700,-002.000,0000.200,0000.0,0000.0,1979,588,268,40,995,10705,5629,47133,0.0855081,0,6,0
0000188,-000.650,-002.000,0000.200,0000.0,0000.0,2096,466,218,45,1080,10828,5711,46925,0.0713317,0,7,0
0000189,-000.600,-002.000,0000.200,0000.0,0000.0,2043,509,231,55,814,7735,4250,50284,0.0836013,0,5,0
0000190,-000.550,-002.000,0000.200,0000.0,0000.0,1936,637,332,34,929,7805,4319,50099,0.103507,0,6,0
0000191,-000.500,-002.000,0000.200,0000.0,0000.0,1936,642,377,29,829,8051,4457,49953,0.118161,0,5,0
0000192,-000.450,-002.000,0000.200,0000.0,0000.0,1859,639,387,109,763,8094,4528,49976,0.147181,0,5,0
0000193,-000.400,-002.000,0000.200,0000.0,0000.0,1792,759,477,56,688,5683,2946,52462,0.16176,0,4,0
0000194,-000.350,-002.000,0000.200,0000.0,0000.0,1696,711,425,200,743,5188,3208,52902,0.186567,0,5,0
0000195,-000.300,-002.000,0000.200,0000.0,0000.0,1696,800,547,111,867,5557,3420,52409,0.189407,0,5,0
0000196,-000.250,-002.000,0000.200,0000.0,0000.0,1599,821,516,187,812,6025,3811,51996,0.205616,0,5,0
0000197,-000.200,-002.000,0000.200,0000.0,0000.0,1511,1065,717,31,979,6363,3967,51491,0.208589,0,3,0
0000198,-000.150,-002.000,0000.200,0000.0,0000.0,1506,909,614,192,827,7420,4593,50586,0.234712,0,5,0
0000199,-000.100,-002.000,0000.200,0000.0,0000.0,1500,1023,712,84,959,8391,5105,49483,0.223219,0,5,0
0000200,-000.050,-002.000,0000.200,0000.0,0000.0,1492,1094,709,21,1055,9399,5543,48379,0.199345,0,4,0
0000201,-010.000,-001.950,0000.200,0000.0,0000.0,1815,751,401,41,1068,9320,5262,48445,0.120272,0,5,0
0000202,-009.950,-001.950,0000.200,0000.0,0000.0,1994,571,354,42,1251,9887,5537,47695,0.102644,0,6,0
0000203,-009.900,-001.950,0000.200,0000.0,0000.0,1980,574,281,53,1370,10512,5926,46951,0.0839829,0,8,0
0000204,-009.850,-001.950,0000.200,0000.0,0000.0,2159,405,222,43,1303,11464,6396,46066,0.0677749,0,7,0
0000205,-009.800,-001.950,0000.200,0000.0,0000.0,2147,417,229,43,1310,11716,6399,45807,0.0694409,0,7,0
0000206,-009.750,-001.950,0000.200,0000.0,0000.0,2136,418,235,53,1419,11909,6492,45505,0.071535,0,8,0
0000207,-009.700,-001.950,0000.200,0000.0,0000.0,2131,425,243,51,1443,12438,6867,44952,0.0725926,0,8,0
0000208,-009.650,-001.950,0000.200,0000.0,0000.0,2064,483,248,60,1518,12728,7156,44587,0.0746667,0,9,0
0000209,-009.600,-001.950,0000.200,0000.0,0000.0,1967,592,292,48,1077,9513,5457,48243,0.092291,0,6,0
0000210,-009.550,-001.950,0000.200,0000.0,0000.0,1718,817,446,72,1164,9919,5688,47750,0.137364,0,7,0
0000211,-009.500,-001.950,0000.200,0000.0,0000.0,1468,1022,553,117,949,7643,4447,50241,0.188414,0,5,0
0000212,-009.450,-001.950,0000.200,0000.0,0000.0,1284,1280,555,43,1039,9101,4972,48693,0.164015,0,5,0
0000213,-009.400,-001.950,0000.200,0000.0,0000.0,1715,739,411,153,984,10304,5543,47545,0.157059,0,6,0
0000214,-009.350,-001.950,0000.200,0000.0,0000.0,1546,990,609,71,1071,10500,5657,47262,0.184883,0,4,0
0000215,-009.300,-001.950,0000.200,0000.0,0000.0,1856,707,408,44,967,8927,4681,48939,0.126469,0,4,0
0000216,-009.250,-001.950,0000.200,0000.0,0000.0,2177,386,206,44,989,9831,5617,48013,0.0695217,0,6,0
0000217,-009.200,-001.950,0000.200,0000.0,0000.0,1967,590,256,50,924,9328,5049,48581,0.086661,0,6,0
0000218,-009.150,-001.950,0000.200,0000.0,0000.0,2209,354,180,44,856,6481,3498,51496,0.0646838,0,6,0
0000219,-009.100,-001.950,0000.200,0000.0,0000.0,2166,387,200,54,955,6896,3824,50982,0.0713083,0,6,0
0000220,-009.050,-001.950,0000.200,0000.0,0000.0,1953,602,287,52,1098,9756,5821,47979,0.091498,0,7,0
0000221,-009.000,-001.950,0000.200,0000.0,0000.0,2201,363,200,43,590,4335,2536,53908,0.0760088,0,4,0
0000222,-008.950,-001.950,0000.200,0000.0,0000.0,2194,370,207,43,595,4475,2637,53763,0.0780762,0,4,0
0000223,-008.900,-001.950,0000.200,0000.0,0000.0,2187,380,219,40,605,4634,2770,53594,0.0806351,0,4,0
0000224,-008.850,-001.950,0000.200,0000.0,0000.0,2175,392,230,40,620,4929,2950,53284,0.083669,0,4,0
0000225,-008.800,-001.950,0000.200,0000.0,0000.0,2172,397,239,38,617,5122,3094,53094,0.0859181,0,4,0
0000226,-008.750,-001.950,0000.200,0000.0,0000.0,2106,464,246,37,641,5542,3308,52650,0.0871305,0,4,0
0000227,-008.700,-001.950,0000.200,0000.0,0000.0,1986,584,282,37,632,6002,3480,52199,0.0984872,0,4,0
0000228,-008.650,-001.950,0000.200,0000.0,0000.0,1737,837,443,33,649,6584,3592,51600,0.146192,0,4,0
0000229,-008.600,-001.950,0000.200,0000.0,0000.0,1503,998,540,106,597,6734,3694,51502,0.201623,0,3,0
0000230,-008.550,-001.950,0000.200,0000.0,0000.0,1645,928,446,34,706,7165,3992,50962,0.144884,0,3,0
0000231,-008.500,-001.950,0000.200,0000.0,0000.0,1994,567,318,46,1035,9363,5376,48435,0.0999451,0,6,0
0000232,-008.450,-001.950,0000.200,0000.0,0000.0,2069,492,235,46,1043,12093,6483,45697,0.0769863,0,6,0
0000233,-008.400,-001.950,0000.200,0000.0,0000.0,2175,387,215,45,859,8846,4910,49128,0.0750144,0,5,0
0000234,-008.350,-001.950,0000.200,0000.0,0000.0,2161,405,230,41,781,8671,4813,49381,0.0799882,0,5,0
0000235,-008.300,-001.950,0000.200,0000.0,0000.0,2153,415,242,39,812,8828,4912,49193,0.0821878,0,5,0
0000236,-008.250,-001.950,0000.200,0000.0,0000.0,2147,422,244,38,816,9082,5028,48935,0.0823839,0,5,0
0000237,-008.200,-001.950,0000.200,0000.0,0000.0,1967,587,262,53,821,9984,5155,48028,0.0918903,0,6,0
0000238,-008.150,-001.950,0000.200,0000.0,0000.0,1753,820,367,34,813,9766,5222,48254,0.117251,0,5,0
0000239,-008.100,-001.950,0000.200,0000.0,0000.0,1710,808,474,89,573,6850,3550,51410,0.177044,0,4,0
0000240,-008.050,-001.950,0000.200,0000.0,0000.0,1645,932,504,30,637,6900,3628,51296,0.164612,0,3,0
0000241,-008.000,-001.950,0000.200,0000.0,0000.0,2011,565,325,31,652,7380,3882,50801,0.109236,0,4,0
0000242,-007.950,-001.950,0000.200,0000.0,0000.0,2196,380,194,31,639,7369,3917,50825,0.0693161,0,4,0
0000243,-007.900,-001.950,0000.200,0000.0,0000.0,2208,369,191,30,488,4255,2374,54090,0.0714055,0,3,0
0000244,-007.850,-001.950,0000.200,0000.0,0000.0,2201,366,191,40,615,4309,2422,53909,0.0716946,0,4,0
0000245,-007.800,-001.950,0000.200,0000.0,0000.0,2187,370,197,50,718,4556,2580,53559,0.0742857,0,5,0
0000246,-007.750,-001.950,0000.200,0000.0,0000.0,2180,387,205,40,621,4821,2703,53391,0.0758984,0,4,0
0000247,-007.700,-001.950,0000.200,0000.0,0000.0,2172,387,208,48,726,5055,2826,53052,0.0768077,0,5,0
0000248,-007.650,-001.950,0000.200,0000.0,0000.0,2166,365,189,76,822,5367,2997,52644,0.077282,0,6,0
0000249,-007.600,-001.950,0000.200,0000.0,0000.0,1986,567,232,54,864,5697,3153,52272,0.082397,0,6,0
0000250,-007.550,-001.950,0000.200,0000.0,0000.0,1792,767,324,48,902,6034,3357,51897,0.106013,0,6,0
0000251,-007.500,-001.950,0000.200,0000.0,0000.0,1635,870,493,102,879,6555,3600,51399,0.170683,0,5,0
0000252,-007.450,-001.950,0000.200,0000.0,0000.0,1568,998,605,41,945,6949,3780,50939,0.181869,0,4,0
0000253,-007.400,-001.950,0000.200,0000.0,0000.0,1854,613,285,140,891,8380,4828,49562,0.121498,0,6,0
0000254,-007.350,-001.950,0000.200,0000.0,0000.0,2168,394,215,45,908,10340,5820,47585,0.0739687,0,6,0
0000255,-007.300,-001.950,0000.200,0000.0,0000.0,1828,739,318,40,737,9028,4877,49068,0.107057,0,5,0
0000256,-007.250,-001.950,0000.200,0000.0,0000.0,2251,312,161,44,514,3966,2145,54353,0.0656841,0,4,0
0000257,-007.200,-001.950,0000.200,0000.0,0000.0,2182,360,193,65,916,7479,4012,50438,0.073233,0,7,0
0000258,-007.150,-001.950,0000.200,0000.0,0000.0,1828,699,343,80,1159,7949,4737,49725,0.112321,0,9,0
0000259,-007.100,-001.950,0000.200,0000.0,0000.0,1533,996,553,78,1091,8765,4672,48977,0.170633,0,9,0
0000260,-007.050,-001.950,0000.200,0000.0,0000.0,1718,811,467,78,1278,9832,5691,47723,0.140283,0,9,0
0000261,-007.000,-001.950,0000.200,0000.0,0000.0,1640,830,494,137,1390,10273,6121,47170,0.157868,0,10,0
0000262,-006.950,-001.950,0000.200,0000.0,0000.0,1660,816,516,131,1029,7190,4213,50614,0.177943,0,8,0
0000263,-006.900,-001.950,0000.200,0000.0,0000.0,1564,904,570,139,1135,7240,4219,50458,0.189471,0,7,0
0000264,-006.850,-001.950,0000.200,0000.0,0000.0,1468,977,553,162,1002,7420,4379,50411,0.198116,0,7,0
0000265,-006.800,-001.950,0000.200,0000.0,0000.0,1468,1014,586,125,1045,7641,4420,50147,0.194688,0,7,0
0000266,-006.750,-001.950,0000.200,0000.0,0000.0,1468,994,534,145,1046,7902,4595,49885,0.185875,0,8,0
0000267,-006.700,-001.950,0000.200,0000.0,0000.0,1492,951,487,164,1140,7995,4670,49698,0.173739,0,8,0
0000268,-006.650,-001.950,0000.200,0000.0,0000.0,1464,979,420,164,994,8148,4820,49691,0.162177,0,8,0
0000269,-006.600,-001.950,0000.200,0000.0,0000.0,1641,907,469,59,1013,8380,4868,49440,0.145856,0,6,0
0000270,-006.550,-001.950,0000.200,0000.0,0000.0,1653,798,391,156,1078,8633,5044,49122,0.14844,0,7,0
0000271,-006.500,-001.950,0000.200,0000.0,0000.0,1782,755,420,70,1278,8746,5034,48809,0.126126,0,8,0
0000272,-006.450,-001.950,0000.200,0000.0,0000.0,1777,764,333,66,1297,8832,5207,48704,0.102203,0,9,0
0000273,-006.400,-001.950,0000.200,0000.0,0000.0,1966,575,294,66,1314,9234,5389,48285,0.0918133,0,9,0
0000274,-006.350,-001.950,0000.200,0000.0,0000.0,1896,645,317,66,1324,9409,5487,48100,0.0974307,0,9,0
0000275,-006.300,-001.950,0000.200,0000.0,0000.0,1824,719,354,64,1354,9597,5577,47882,0.105529,0,9,0
0000276,-006.250,-001.950,0000.200,0000.0,0000.0,1751,784,386,72,1461,9899,5769,47473,0.112586,0,10,0
0000277,-006.200,-001.950,0000.200,0000.0,0000.0,1716,829,435,62,1384,10366,6006,47083,0.12453,0,9,0
0000278,-006.150,-001.950,0000.200,0000.0,0000.0,1715,830,480,62,1410,10755,6243,46668,0.134927,0,9,0
0000279,-006.100,-001.950,0000.200,0000.0,0000.0,1637,790,455,180,1380,10850,6348,46603,0.159268,0,10,0
0000280,-006.050,-001.950,0000.200,0000.0,0000.0,1660,833,527,114,973,7285,4347,50575,0.17905,0,7,0
0000281,-006.000,-001.950,0000.200,0000.0,0000.0,1564,916,579,127,1001,6770,3981,51062,0.195676,0,6,0
0000282,-005.950,-001.950,0000.200,0000.0,0000.0,1468,983,558,156,1019,7436,4366,50378,0.196911,0,7,0
0000283,-005.900,-001.950,0000.200,0000.0,0000.0,1468,1028,595,111,967,7748,4452,50118,0.197538,0,6,0
0000284,-005.850,-001.950,0000.200,0000.0,0000.0,1468,973,513,166,1021,7942,4570,49870,0.187155,0,8,0
0000285,-005.800,-001.950,0000.200,0000.0,0000.0,1589,958,558,60,1028,8104,4634,49701,0.170014,0,6,0
0000286,-005.750,-001.950,0000.200,0000.0,0000.0,1464,993,429,150,944,8221,4887,49668,0.163053,0,7,0
0000287,-005.700,-001.950,0000.200,0000.0,0000.0,1641,912,471,54,1059,8355,4888,49419,0.143208,0,6,0
0000288,-005.650,-001.950,0000.200,0000.0,0000.0,1654,889,460,64,1150,8448,4909,49235,0.139473,0,7,0
0000289,-005.600,-001.950,0000.200,0000.0,0000.0,1783,761,427,63,1180,8738,5021,48915,0.12939,0,7,0
0000290,-005.550,-001.950,0000.200,0000.0,0000.0,1778,771,356,58,1219,8918,5223,48696,0.108207,0,8,0
0000291,-005.500,-001.950,0000.200,0000.0,0000.0,1966,585,298,56,1231,9333,5396,48269,0.0922355,0,8,0
0000292,-005.450,-001.950,0000.200,0000.0,0000.0,1896,645,315,66,1337,9392,5437,48104,0.0966024,0,9,0
0000293,-005.400,-001.950,0000.200,0000.0,0000.0,1824,719,352,64,1359,9583,5586,47891,0.104892,0,9,0
0000294,-005.350,-001.950,0000.200,0000.0,0000.0,1751,794,391,62,1396,9965,5866,47472,0.113165,0,9,0
0000295,-005.300,-001.950,0000.200,0000.0,0000.0,1716,826,430,65,1405,10336,6010,47092,0.12338,0,9,0
0000296,-005.250,-001.950,0000.200,0000.0,0000.0,1716,835,482,56,1319,10672,6130,46842,0.137035,0,8,0
0000297,-005.200,-001.950,0000.200,0000.0,0000.0,1638,856,474,113,1237,10726,6228,46870,0.152706,0,8,0
0000298,-005.150,-001.950,0000.200,0000.0,0000.0,1660,839,531,108,879,7389,4366,50565,0.183305,0,6,0
0000299,-005.100,-001.950,0000.200,0000.0,0000.0,1564,994,609,49,927,7385,4328,50521,0.186191,0,5,0
0000300,-005.050,-001.950,0000.200,0000.0,0000.0,1468,1018,581,121,874,7611,4467,50348,0.201666,0,5,0
0000301,-005.000,-001.950,0000.200,0000.0,0000.0,1468,962,565,177,948,7805,4583,50080,0.20872,0,6,0
0000302,-004.950,-001.950,0000.200,0000.0,0000.0,1468,991,565,148,980,8017,4602,49836,0.198773,0,6,0
0000303,-004.900,-001.950,0000.200,0000.0,0000.0,1589,968,564,50,872,7592,4310,50369,0.176487,0,5,0
0000304,-004.850,-001.950,0000.200,0000.0,0000.0,1491,1058,537,58,1043,8159,4742,49631,0.163014,0,6,0
0000305,-004.800,-001.950,0000.200,0000.0,0000.0,1607,951,481,49,952,8457,4903,49424,0.148918,0,5,0
0000306,-004.750,-001.950,0000.200,0000.0,0000.0,1654,904,487,49,1096,8650,4995,49087,0.144748,0,5,0
0000307,-004.700,-001.950,0000.200,0000.0,0000.0,1688,766,360,153,976,8863,5180,48994,0.143176,0,7,0
0000308,-004.650,-001.950,0000.200,0000.0,0000.0,1779,775,375,53,1118,9030,5312,48685,0.114899,0,7,0
0000309,-004.600,-001.950,0000.200,0000.0,0000.0,1968,587,299,52,986,9467,5503,48380,0.09769,0,6,0
0000310,-004.550,-001.950,0000.200,0000.0,0000.0,1896,660,320,51,1126,9630,5541,48077,0.0993839,0,7,0
0000311,-004.500,-001.950,0000.200,0000.0,0000.0,1824,734,358,49,1144,9794,5667,47895,0.108504,0,7,0
0000312,-004.450,-001.950,0000.200,0000.0,0000.0,1752,807,396,48,1184,10016,5789,47633,0.117119,0,7,0
0000313,-004.400,-001.950,0000.200,0000.0,0000.0,1716,843,437,48,1213,10529,6095,47091,0.126963,0,7,0
0000314,-004.350,-001.950,0000.200,0000.0,0000.0,1715,846,481,46,1214,11016,6357,46603,0.137922,0,7,0
0000315,-004.300,-001.950,0000.200,0000.0,0000.0,1637,867,473,103,1171,11037,6443,46625,0.152462,0,7,0
0000316,-004.250,-001.950,0000.200,0000.0,0000.0,1660,775,472,172,948,7389,4361,50496,0.181153,0,7,0
0000317,-004.200,-001.950,0000.200,0000.0,0000.0,1564,991,604,52,953,7422,4306,50458,0.18427,0,5,0
0000318,-004.150,-001.950,0000.200,0000.0,0000.0,1468,948,528,191,915,7621,4413,50297,0.204145,0,5,0
0000319,-004.100,-001.950,0000.200,0000.0,0000.0,1468,997,562,142,838,7841,4519,50154,0.204354,0,6,0
0000320,-004.050,-001.950,0000.200,0000.0,0000.0,1468,1075,615,64,861,8098,4598,49874,0.19579,0,4,0
0000321,-004.000,-001.950,0000.200,0000.0,0000.0,1528,1039,607,40,1008,8274,4687,49551,0.178976,0,4,0
0000322,-003.950,-001.950,0000.200,0000.0,0000.0,1491,1069,534,47,961,8326,4815,49546,0.162836,0,5,0
0000323,-003.900,-001.950,0000.200,0000.0,0000.0,1607,959,480,41,856,8629,4964,49348,0.150448,0,4,0
0000324,-003.850,-001.950,0000.200,0000.0,0000.0,1655,912,467,40,842,8843,5025,49148,0.146999,0,4,0
0000325,-003.800,-001.950,0000.200,0000.0,0000.0,1747,722,344,138,698,8460,4822,49675,0.14584,0,5,0
0000326,-003.750,-001.950,0000.200,0000.0,0000.0,1780,784,375,43,872,9240,5294,48721,0.120149,0,5,0
0000327,-003.700,-001.950,0000.200,0000.0,0000.0,1871,694,307,42,1027,9552,5473,48254,0.0960374,0,6,0
0000328,-003.650,-001.950,0000.200,0000.0,0000.0,1896,668,322,43,1050,9803,5609,47980,0.0998086,0,6,0
0000329,-003.600,-001.950,0000.200,0000.0,0000.0,1824,724,335,59,1050,10015,5734,47768,0.107739,0,6,0
0000330,-003.550,-001.950,0000.200,0000.0,0000.0,1752,789,373,66,1180,10120,5790,47533,0.115923,0,7,0
0000331,-003.500,-001.950,0000.200,0000.0,0000.0,1717,846,430,44,1204,10464,5884,47165,0.124377,0,7,0
0000332,-003.450,-001.950,0000.200,0000.0,0000.0,1716,846,472,45,1208,10969,6150,46656,0.135518,0,7,0
0000333,-003.400,-001.950,0000.200,0000.0,0000.0,1638,877,468,92,1046,11113,6307,46674,0.153299,0,6,0
0000334,-003.350,-001.950,0000.200,0000.0,0000.0,1660,856,490,91,681,7697,4419,50455,0.176703,0,4,0
0000335,-003.300,-001.950,0000.200,0000.0,0000.0,1564,1012,601,31,752,7791,4462,50290,0.188151,0,3,0
0000336,-003.250,-001.950,0000.200,0000.0,0000.0,1564,945,551,98,696,8015,4565,50122,0.196488,0,3,0
0000337,-003.200,-001.950,0000.200,0000.0,0000.0,1468,1030,564,109,793,8101,4586,49939,0.197941,0,5,0
0000338,-003.150,-001.950,0000.200,0000.0,0000.0,1468,1102,627,37,861,8313,4589,49659,0.191465,0,4,0
0000339,-003.100,-001.950,0000.200,0000.0,0000.0,1468,1099,611,40,852,8608,4726,49373,0.188205,0,4,0
0000340,-003.050,-001.950,0000.200,0000.0,0000.0,1380,1202,600,25,790,8923,4917,49120,0.183986,0,3,0
0000341,-003.000,-001.950,0000.200,0000.0,0000.0,1293,1291,623,23,926,9024,4956,48883,0.182847,0,3,0
0000342,-002.950,-001.950,0000.200,0000.0,0000.0,1394,1176,625,37,920,9344,5008,48569,0.187695,0,4,0
0000343,-002.900,-001.950,0000.200,0000.0,0000.0,1416,1000,510,191,898,9643,5198,48292,0.2,0,5,0
0000344,-002.850,-001.950,0000.200,0000.0,0000.0,1515,992,558,100,999,9830,5194,48004,0.182474,0,6,0
0000345,-002.800,-001.950,0000.200,0000.0,0000.0,1525,1046,564,36,1070,9911,5236,47852,0.163177,0,5,0
0000346,-002.750,-001.950,0000.200,0000.0,0000.0,1575,913,501,119,1139,10266,5435,47428,0.16551,0,6,0
0000347,-002.700,-001.950,0000.200,0000.0,0000.0,1532,961,520,114,1068,9597,5075,48168,0.172517,0,7,0
0000348,-002.650,-001.950,0000.200,0000.0,0000.0,1538,1029,567,40,1263,10573,5655,46997,0.156848,0,6,0
0000349,-002.600,-001.950,0000.200,0000.0,0000.0,1592,975,526,40,1309,10991,5914,46533,0.144535,0,6,0
0000350,-002.550,-001.950,0000.200,0000.0,0000.0,1615,856,398,136,1189,11315,6054,46329,0.140674,0,7,0
0000351,-002.500,-001.950,0000.200,0000.0,0000.0,1630,937,443,40,1278,11361,6125,46194,0.124324,0,6,0
0000352,-002.450,-001.950,0000.200,0000.0,0000.0,1749,820,405,38,911,8064,4344,49858,0.125924,0,4,0
0000353,-002.400,-001.950,0000.200,0000.0,0000.0,1918,651,376,38,913,8244,4352,49676,0.117614,0,4,0
0000354,-002.350,-001.950,0000.200,0000.0,0000.0,2003,565,311,39,916,8530,4576,49387,0.0993471,0,5,0
0000355,-002.300,-001.950,0000.200,0000.0,0000.0,2088,480,224,39,941,8791,4779,49101,0.0741263,0,5,0
0000356,-002.250,-001.950,0000.200,0000.0,0000.0,2175,393,211,39,973,8773,4822,49087,0.0698324,0,5,0
0000357,-002.200,-001.950,0000.200,0000.0,0000.0,2161,396,220,50,1042,8443,4680,49348,0.0739929,0,6,0
0000358,-002.150,-001.950,0000.200,0000.0,0000.0,2153,406,233,48,1054,8627,4832,49152,0.076755,0,6,0
0000359,-002.100,-001.950,0000.200,0000.0,0000.0,2147,413,238,47,1053,8943,5038,48837,0.0778689,0,6,0
0000360,-002.050,-001.950,0000.200,0000.0,0000.0,1967,583,267,57,1146,9239,5300,48448,0.0863309,0,7,0
0000361,-002.000,-001.950,0000.200,0000.0,0000.0,1825,719,330,63,1061,9654,5586,48118,0.107143,0,6,0
0000362,-001.950,-001.950,0000.200,0000.0,0000.0,1650,853,518,104,1132,8847,5078,48854,0.166355,7,7,104
0000363,-001.900,-001.950,0000.200,0000.0,0000.0,1468,1095,603,44,1031,8465,4779,49337,0.177845,0,5,0
0000364,-001.850,-001.950,0000.200,0000.0,0000.0,1572,999,563,36,1083,9694,5167,48056,0.162331,0,5,0
0000365,-001.800,-001.950,0000.200,0000.0,0000.0,1541,889,492,177,933,10232,5514,47668,0.188983,0,5,0
0000366,-001.750,-001.950,0000.200,0000.0,0000.0,1545,1030,536,32,922,7610,4372,50301,0.160952,0,3,0
0000367,-001.700,-001.950,0000.200,0000.0,0000.0,2006,558,225,43,1037,9114,5329,48682,0.0735456,0,6,0
0000368,-001.650,-001.950,0000.200,0000.0,0000.0,2137,427,240,43,972,11781,6336,46080,0.0790724,0,6,0
0000369,-001.600,-001.950,0000.200,0000.0,0000.0,1794,771,383,42,677,6188,3248,51968,0.129415,0,4,0
0000370,-001.550,-001.950,0000.200,0000.0,0000.0,2222,342,173,43,736,6089,3377,52008,0.0646126,0,4,0
0000371,-001.500,-001.950,0000.200,0000.0,0000.0,2175,379,226,53,918,7111,4156,50804,0.0791489,0,5,0
0000372,-001.450,-001.950,0000.200,0000.0,0000.0,1743,821,420,43,769,6970,3827,51094,0.137145,0,4,0
0000373,-001.400,-001.950,0000.200,0000.0,0000.0,2201,363,200,43,592,4340,2542,53901,0.0759612,0,4,0
0000374,-001.350,-001.950,0000.200,0000.0,0000.0,2194,373,212,40,603,4488,2668,53742,0.0785047,0,4,0
0000375,-001.300,-001.950,0000.200,0000.0,0000.0,2180,387,225,40,617,4779,2857,53437,0.082196,0,4,0
0000376,-001.250,-001.950,0000.200,0000.0,0000.0,2172,397,236,38,609,5104,3044,53120,0.085199,0,4,0
0000377,-001.200,-001.950,0000.200,0000.0,0000.0,2166,401,240,40,622,5446,3264,52765,0.0867142,0,4,0
0000378,-001.150,-001.950,0000.200,0000.0,0000.0,1986,584,269,37,647,5772,3427,52414,0.0940381,0,4,0
0000379,-001.100,-001.950,0000.200,0000.0,0000.0,1844,728,335,35,642,6178,3592,52013,0.113881,0,4,0
0000380,-001.050,-001.950,0000.200,0000.0,0000.0,1681,833,484,93,594,6679,3596,51560,0.180256,0,4,0
0000381,-001.000,-001.950,0000.200,0000.0,0000.0,1577,996,542,34,676,6891,3772,51266,0.175449,0,3,0
0000382,-000.950,-001.950,0000.200,0000.0,0000.0,2005,568,357,34,761,8064,4408,50008,0.116093,0,3,0
0000383,-000.900,-001.950,0000.200,0000.0,0000.0,1967,592,279,48,1429,12297,7248,45107,0.0810208,0,8,0
0000384,-000.850,-001.950,0000.200,0000.0,0000.0,2156,403,223,48,1382,11628,6473,45823,0.0679368,0,8,0
0000385,-000.800,-001.950,0000.200,0000.0,0000.0,2148,416,233,43,1176,11662,6331,45995,0.072958,0,7,0
0000386,-000.750,-001.950,0000.200,0000.0,0000.0,2180,395,237,32,972,12237,6616,45624,0.0751607,0,5,0
0000387,-000.700,-001.950,0000.200,0000.0,0000.0,2172,383,226,52,1108,12571,6854,45154,0.0748318,0,6,0
0000388,-000.650,-001.950,0000.200,0000.0,0000.0,2113,465,248,29,943,12109,6709,45781,0.0780282,0,5,0
0000389,-000.600,-001.950,0000.200,0000.0,0000.0,1940,639,297,28,736,9834,5358,48263,0.0972181,0,4,0
0000390,-000.550,-001.950,0000.200,0000.0,0000.0,1790,793,429,24,750,10037,5203,48046,0.134942,0,4,0
0000391,-000.500,-001.950,0000.200,0000.0,0000.0,1558,957,523,92,469,6338,3319,52026,0.199935,0,3,0
0000392,-000.450,-001.950,0000.200,0000.0,0000.0,1799,788,388,20,578,7010,3717,51245,0.1281,0,2,0
0000393,-000.400,-001.950,0000.200,0000.0,0000.0,2239,347,185,21,591,7602,4025,50640,0.0644153,0,3,0
0000394,-000.350,-001.950,0000.200,0000.0,0000.0,2232,354,191,21,600,7533,4015,50700,0.0661054,0,3,0
0000395,-000.300,-001.950,0000.200,0000.0,0000.0,2244,333,183,30,538,4336,2430,53959,0.0677265,0,3,0
0000396,-000.250,-001.950,0000.200,0000.0,0000.0,2237,340,188,30,555,4496,2534,53782,0.0689437,0,3,0
0000397,-000.200,-001.950,0000.200,0000.0,0000.0,2230,347,192,30,551,4660,2610,53622,0.0702977,0,3,0
0000398,-000.150,-001.950,0000.200,0000.0,0000.0,2225,352,190,30,564,4930,2775,53339,0.0693787,0,3,0
0000399,-000.100,-001.950,0000.200,0000.0,0000.0,2219,341,176,47,574,5291,2947,52968,0.0701037,0,3,0
0000400,-000.050,-001.950,0000.200,0000.0,0000.0,2095,462,194,50,699,5689,3184,52445,0.0738052,0,4,0
0000401,-010.000,-001.900,0000.200,0000.0,0000.0,1697,842,503,68,665,7689,4216,50479,0.174511,0,2,0
0000402,-009.950,-001.900,0000.200,0000.0,0000.0,1546,978,558,83,655,7831,4337,50347,0.196505,0,1,0
0000403,-009.900,-001.900,0000.200,0000.0,0000.0,1586,876,549,145,614,8331,4598,49888,0.215461,0,2,0
0000404,-009.850,-001.900,0000.200,0000.0,0000.0,1438,992,557,177,752,8447,4760,49634,0.218517,0,1,0
0000405,-009.800,-001.900,0000.200,0000.0,0000.0,1468,1130,654,9,730,8347,4655,49756,0.198681,0,0,0
0000406,-009.750,-001.900,0000.200,0000.0,0000.0,1645,855,420,107,819,9197,5116,48817,0.153824,0,3,0
0000407,-009.700,-001.900,0000.200,0000.0,0000.0,1959,634,299,14,901,10185,5514,47747,0.0892246,0,2,0
0000408,-009.650,-001.900,0000.200,0000.0,0000.0,2250,343,241,14,894,10888,5630,47051,0.0728363,0,2,0
0000409,-009.600,-001.900,0000.200,0000.0,0000.0,2424,168,96,15,896,11267,5966,46670,0.0316871,0,3,0
0000410,-009.550,-001.900,0000.200,0000.0,0000.0,2418,174,97,15,882,11547,6243,46404,0.0321009,0,3,0
0000411,-009.500,-001.900,0000.200,0000.0,0000.0,2427,167,76,13,494,6995,3589,51344,0.0287004,0,1,0
0000412,-009.450,-001.900,0000.200,0000.0,0000.0,2416,184,112,7,366,6520,3231,51947,0.0400269,0,1,0
0000413,-009.400,-001.900,0000.200,0000.0,0000.0,2426,178,66,3,177,3062,1550,55594,0.0247845,0,0,0
0000414,-009.350,-001.900,0000.200,0000.0,0000.0,2588,18,8,1,179,3222,1607,55432,0.00323044,0,1,0
0000415,-009.300,-001.900,0000.200,0000.0,0000.0,2607,0,0,0,155,1849,993,56829,0,0,0,0
0000416,-009.250,-001.900,0000.200,0000.0,0000.0,600,1776,977,231,2468,27165,15032,29200,0.23803,0,12,1
0000417,-009.200,-001.900,0000.200,0000.0,0000.0,898,1486,927,223,2253,26711,14242,29869,0.236626,0,11,1
0000418,-009.150,-001.900,0000.200,0000.0,0000.0,821,1583,827,203,1955,22985,12435,33893,0.225778,0,10,0
0000419,-009.100,-001.900,0000.200,0000.0,0000.0,860,1697,954,50,2077,22751,12252,34005,0.214347,0,8,1
0000420,-009.050,-001.900,0000.200,0000.0,0000.0,1168,1329,826,110,1744,21220,11085,35869,0.215123,0,8,0
0000421,-009.000,-001.900,0000.200,0000.0,0000.0,1416,1160,657,31,1369,15053,8097,42411,0.173038,0,6,0
0000422,-008.950,-001.900,0000.200,0000.0,0000.0,1565,1015,553,27,1472,15118,8174,42243,0.142192,0,7,0
0000423,-008.900,-001.900,0000.200,0000.0,0000.0,1727,865,437,15,1307,14536,7799,42990,0.115483,0,6,0
0000424,-008.850,-001.900,0000.200,0000.0,0000.0,1913,679,331,15,1229,14460,7747,43144,0.0901981,0,6,0
0000425,-008.800,-001.900,0000.200,0000.0,0000.0,2180,414,221,13,1238,14263,7662,43332,0.0608583,0,7,0
0000426,-008.750,-001.900,0000.200,0000.0,0000.0,2404,190,107,13,1205,13942,7499,43686,0.0314795,0,7,0
0000427,-008.700,-001.900,0000.200,0000.0,0000.0,2404,191,106,12,1131,13087,6978,44615,0.0315677,0,6,0
0000428,-008.650,-001.900,0000.200,0000.0,0000.0,2410,185,99,12,1087,12257,6572,45489,0.0300487,0,6,0
0000429,-008.600,-001.900,0000.200,0000.0,0000.0,2430,166,86,11,916,10235,5485,47682,0.0275334,0,5,0
0000430,-008.550,-001.900,0000.200,0000.0,0000.0,2404,195,117,8,511,7609,3868,50713,0.0400898,0,2,0
0000431,-008.500,-001.900,0000.200,0000.0,0000.0,2426,178,66,3,189,3278,1657,55366,0.0246781,0,0,0
0000432,-008.450,-001.900,0000.200,0000.0,0000.0,2588,18,8,1,179,3222,1607,55432,0.00323044,0,1,0
0000433,-008.400,-001.900,0000.200,0000.0,0000.0,2607,0,0,0,25,436,216,58372,0,0,0,0
0000434,-008.350,-001.900,0000.200,0000.0,0000.0,1766,838,426,3,405,6246,3124,52182,0.14243,0,0,0
0000435,-008.300,-001.900,0000.200,0000.0,0000.0,1872,731,310,4,370,5826,2962,52637,0.105475,0,0,0
0000436,-008.250,-001.900,0000.200,0000.0,0000.0,2121,383,164,103,284,6553,3292,51996,0.0923556,0,1,0
0000437,-008.200,-001.900,0000.200,0000.0,0000.0,2295,305,97,7,377,6607,3350,51849,0.0348525,0,1,0
0000438,-008.150,-001.900,0000.200,0000.0,0000.0,2474,126,62,7,377,6786,3385,51670,0.0231233,0,1,0
0000439,-008.100,-001.900,0000.200,0000.0,0000.0,2474,126,62,7,377,6786,3385,51670,0.0231233,0,1,0
0000440,-008.050,-001.900,0000.200,0000.0,0000.0,2416,184,83,7,366,6520,3260,51947,0.0302725,0,1,0
0000441,-008.000,-001.900,0000.200,0000.0,0000.0,2367,234,127,6,186,3222,1596,55425,0.047619,0,0,0
0000442,-007.950,-001.900,0000.200,0000.0,0000.0,2384,222,39,1,179,3018,1577,55636,0.0143575,0,1,0
0000443,-007.900,-001.900,0000.200,0000.0,0000.0,2607,0,0,0,143,1081,573,57609,0,0,0,0
0000444,-007.850,-001.900,0000.200,0000.0,0000.0,1309,1008,653,290,2077,15865,8709,40891,0.201324,0,12,0
0000445,-007.800,-001.900,0000.200,0000.0,0000.0,1305,1051,706,251,2261,15728,8714,40844,0.19659,0,11,0
0000446,-007.750,-001.900,0000.200,0000.0,0000.0,1339,966,646,302,2132,15864,8854,40837,0.200042,0,11,0
0000447,-007.700,-001.900,0000.200,0000.0,0000.0,1347,1048,705,212,2262,15976,8926,40595,0.188334,0,10,0
0000448,-007.650,-001.900,0000.200,0000.0,0000.0,1319,1108,730,180,2420,16316,9154,40097,0.181022,0,8,0
0000449,-007.600,-001.900,0000.200,0000.0,0000.0,1302,1209,738,96,2351,16669,9362,39813,0.168213,0,6,0
0000450,-007.550,-001.900,0000.200,0000.0,0000.0,1373,1166,670,68,2454,17262,9836,39117,0.145821,0,7,0
0000451,-007.500,-001.900,0000.200,0000.0,0000.0,1541,902,449,164,2458,17689,10236,38686,0.121027,7,7,164
0000452,-007.450,-001.900,0000.200,0000.0,0000.0,1609,930,491,68,2548,18387,10688,37898,0.108438,0,5,10
0000453,-007.400,-001.900,0000.200,0000.0,0000.0,1642,772,426,193,2656,20791,12084,35386,0.117614,0,7,14
0000454,-007.350,-001.900,0000.200,0000.0,0000.0,1626,889,545,92,2725,23868,13682,32240,0.119467,0,6,10
0000455,-007.300,-001.900,0000.200,0000.0,0000.0,2008,525,371,74,2539,21108,12506,35186,0.0864749,0,5,8
0000456,-007.250,-001.900,0000.200,0000.0,0000.0,1703,835,409,69,2512,25678,14379,30643,0.0933776,0,7,10
0000457,-007.200,-001.900,0000.200,0000.0,0000.0,1768,791,525,48,1788,21078,11373,35967,0.130375,0,6,3
0000458,-007.150,-001.900,0000.200,0000.0,0000.0,2184,412,194,11,995,13755,7439,44083,0.0569128,0,5,1
0000459,-007.100,-001.900,0000.200,0000.0,0000.0,2367,234,127,6,186,3222,1596,55425,0.047619,0,0,0
0000460,-007.050,-001.900,0000.200,0000.0,0000.0,2384,222,39,1,179,3018,1577,55636,0.0143575,0,1,0
0000461,-007.000,-001.900,0000.200,0000.0,0000.0,2607,0,0,0,96,639,381,58098,0,0,0,0
0000462,-006.950,-001.900,0000.200,0000.0,0000.0,2060,476,294,71,1331,9516,5540,47986,0.0926866,0,9,0
0000463,-006.900,-001.900,0000.200,0000.0,0000.0,2058,478,296,71,1323,9603,5764,47907,0.0933842,0,9,0
0000464,-006.850,-001.900,0000.200,0000.0,0000.0,2080,437,265,90,948,5631,3414,52254,0.0998594,0,7,0
0000465,-006.800,-001.900,0000.200,0000.0,0000.0,2077,452,280,78,1082,5639,3414,52112,0.0970453,0,8,0
0000466,-006.750,-001.900,0000.200,0000.0,0000.0,1956,566,294,85,1202,5657,3474,51974,0.0995012,0,9,0
0000467,-006.700,-001.900,0000.200,0000.0,0000.0,1897,632,309,78,1080,5859,3591,51894,0.104963,0,8,0
0000468,-006.650,-001.900,0000.200,0000.0,0000.0,1897,632,325,78,1073,6018,3649,51742,0.109511,0,8,0
0000469,-006.600,-001.900,0000.200,0000.0,0000.0,1755,776,378,76,1075,6159,3747,51599,0.123303,0,8,0
0000470,-006.550,-001.900,0000.200,0000.0,0000.0,1648,885,454,74,1098,6321,3757,51414,0.14251,0,8,0
0000471,-006.500,-001.900,0000.200,0000.0,0000.0,1571,895,482,141,1141,6501,3793,51191,0.166222,0,9,0
0000472,-006.450,-001.900,0000.200,0000.0,0000.0,1571,910,551,126,1071,6865,3864,50897,0.184067,0,8,0
0000473,-006.400,-001.900,0000.200,0000.0,0000.0,1400,996,564,211,1139,6897,3926,50797,0.206887,0,8,0
0000474,-006.350,-001.900,0000.200,0000.0,0000.0,1404,1037,563,166,1055,7190,4171,50588,0.199072,0,8,0
0000475,-006.300,-001.900,0000.200,0000.0,0000.0,1390,1042,491,175,1106,7423,4376,50304,0.17937,0,7,0
0000476,-006.250,-001.900,0000.200,0000.0,0000.0,1705,823,484,79,1054,7953,4560,49826,0.153783,0,6,0
0000477,-006.200,-001.900,0000.200,0000.0,0000.0,1889,638,393,80,1244,8374,4765,49215,0.122825,0,8,0
0000478,-006.150,-001.900,0000.200,0000.0,0000.0,2068,459,287,80,1252,8883,5031,48698,0.0951024,0,8,0
0000479,-006.100,-001.900,0000.200,0000.0,0000.0,2062,465,296,80,1170,8564,4908,49099,0.0995499,0,8,0
0000480,-006.050,-001.900,0000.200,0000.0,0000.0,2057,461,298,89,1388,9609,5639,47836,0.0968711,0,9,0
0000481,-006.000,-001.900,0000.200,0000.0,0000.0,2054,474,307,79,1257,9979,5943,47597,0.0998965,0,8,0
0000482,-005.950,-001.900,0000.200,0000.0,0000.0,2077,433,278,97,881,5836,3561,52116,0.107511,0,6,0
0000483,-005.900,-001.900,0000.200,0000.0,0000.0,2074,438,285,95,1075,5771,3492,51987,0.103205,0,8,0
0000484,-005.850,-001.900,0000.200,0000.0,0000.0,2014,503,293,90,983,5949,3642,51901,0.106685,0,7,0
0000485,-005.800,-001.900,0000.200,0000.0,0000.0,1894,623,318,90,990,6082,3743,51761,0.113428,0,7,0
0000486,-005.750,-001.900,0000.200,0000.0,0000.0,1894,628,336,85,1008,6228,3799,51597,0.116459,0,7,0
0000487,-005.700,-001.900,0000.200,0000.0,0000.0,1752,765,389,90,1142,6235,3858,51456,0.127767,0,8,0
0000488,-005.650,-001.900,0000.200,0000.0,0000.0,1645,878,467,84,1150,6410,3878,51273,0.14666,0,8,0
0000489,-005.600,-001.900,0000.200,0000.0,0000.0,1568,898,494,141,1082,6703,3932,51048,0.172133,0,8,0
0000490,-005.550,-001.900,0000.200,0000.0,0000.0,1568,902,558,137,945,7120,4027,50768,0.195664,0,7,0
0000491,-005.500,-001.900,0000.200,0000.0,0000.0,1397,1060,605,150,954,7071,4042,50808,0.212019,0,6,0
0000492,-005.450,-001.900,0000.200,0000.0,0000.0,1401,1051,614,155,1099,7283,4184,50451,0.207501,0,7,0
0000493,-005.400,-001.900,0000.200,0000.0,0000.0,1487,1052,564,68,957,7550,4385,50326,0.177329,0,5,0
0000494,-005.350,-001.900,0000.200,0000.0,0000.0,1628,911,517,68,1156,7944,4584,49733,0.155461,0,5,0
0000495,-005.300,-001.900,0000.200,0000.0,0000.0,1890,637,408,80,1244,8382,4731,49207,0.12672,0,8,0
0000496,-005.250,-001.900,0000.200,0000.0,0000.0,2068,459,284,80,1245,8920,5014,48668,0.0944964,0,8,0
0000497,-005.200,-001.900,0000.200,0000.0,0000.0,2062,455,284,90,1331,9189,5217,48313,0.0949721,0,9,0
0000498,-005.150,-001.900,0000.200,0000.0,0000.0,2058,466,309,83,1252,9590,5555,47991,0.101581,0,8,0
0000499,-005.100,-001.900,0000.200,0000.0,0000.0,2052,474,318,81,1246,9958,5880,47629,0.103556,0,8,0
0000500,-005.050,-001.900,0000.200,0000.0,0000.0,2074,433,288,100,862,5999,3647,51972,0.111848,0,6,0
0000501,-005.000,-001.900,0000.200,0000.0,0000.0,2071,458,309,78,814,5653,3417,52366,0.113125,0,6,0
0000502,-004.950,-001.900,0000.200,0000.0,0000.0,2011,518,316,78,886,6183,3801,51764,0.112797,0,6,0
0000503,-004.900,-001.900,0000.200,0000.0,0000.0,1950,578,326,79,880,6275,3858,51678,0.116146,0,6,0
0000504,-004.850,-001.900,0000.200,0000.0,0000.0,1891,635,354,81,890,6470,3948,51473,0.124392,0,6,0
0000505,-004.800,-001.900,0000.200,0000.0,0000.0,1821,706,377,80,886,6570,4024,51377,0.130833,0,6,0
0000506,-004.750,-001.900,0000.200,0000.0,0000.0,1677,854,443,76,897,6701,4058,51235,0.148116,0,6,0
0000507,-004.700,-001.900,0000.200,0000.0,0000.0,1642,889,520,76,922,6947,4063,50964,0.168886,0,6,0
0000508,-004.650,-001.900,0000.200,0000.0,0000.0,1565,849,530,193,943,7267,4189,50623,0.203662,0,7,0
0000509,-004.600,-001.900,0000.200,0000.0,0000.0,1483,981,607,143,870,7361,4179,50602,0.215703,0,5,0
0000510,-004.550,-001.900,0000.200,0000.0,0000.0,1395,1094,681,118,1134,7360,4158,50339,0.213579,0,6,0
0000511,-004.500,-001.900,0000.200,0000.0,0000.0,1484,952,501,171,841,7771,4510,50221,0.194896,0,6,0
0000512,-004.450,-001.900,0000.200,0000.0,0000.0,1627,905,514,75,967,8104,4669,49762,0.164801,0,5,0
0000513,-004.400,-001.900,0000.200,0000.0,0000.0,1790,627,373,190,1042,8703,4975,49088,0.154289,0,6,0
0000514,-004.350,-001.900,0000.200,0000.0,0000.0,1967,546,303,94,1147,9142,5192,48544,0.105754,0,7,0
0000515,-004.300,-001.900,0000.200,0000.0,0000.0,2057,446,294,104,1251,9364,5258,48218,0.103162,0,8,0
0000516,-004.250,-001.900,0000.200,0000.0,0000.0,2055,458,304,94,1147,9867,5696,47819,0.10602,0,7,0
0000517,-004.200,-001.900,0000.200,0000.0,0000.0,2050,466,313,91,1126,10083,5895,47624,0.108224,0,7,0
0000518,-004.150,-001.900,0000.200,0000.0,0000.0,2071,425,284,111,747,6306,3786,51780,0.11777,0,5,0
0000519,-004.100,-001.900,0000.200,0000.0,0000.0,2068,450,305,89,779,6403,3836,51651,0.116361,0,5,0
0000520,-004.050,-001.900,0000.200,0000.0,0000.0,2008,509,313,90,785,6487,3947,51561,0.118809,0,5,0
0000521,-004.000,-001.900,0000.200,0000.0,0000.0,1947,571,319,89,793,6577,3983,51463,0.12,0,5,0
0000522,-003.950,-001.900,0000.200,0000.0,0000.0,1885,646,380,76,922,6749,4076,51162,0.129215,0,6,0
0000523,-003.900,-001.900,0000.200,0000.0,0000.0,1815,722,405,70,736,6411,3886,51686,0.142088,0,5,0
0000524,-003.850,-001.900,0000.200,0000.0,0000.0,1671,870,471,66,799,7114,4247,50920,0.157663,0,5,0
0000525,-003.800,-001.900,0000.200,0000.0,0000.0,1636,905,548,66,802,7384,4262,50647,0.180111,0,5,0
0000526,-003.750,-001.900,0000.200,0000.0,0000.0,1559,924,575,124,739,7659,4330,50435,0.208906,0,5,0
0000527,-003.700,-001.900,0000.200,0000.0,0000.0,1477,999,626,131,748,7837,4319,50248,0.225633,0,4,0
0000528,-003.650,-001.900,0000.200,0000.0,0000.0,1389,1123,710,95,965,7918,4384,49950,0.225364,0,4,0
0000529,-003.600,-001.900,0000.200,0000.0,0000.0,1416,1034,575,157,920,8251,4679,49662,0.207542,0,5,0
0000530,-003.550,-001.900,0000.200,0000.0,0000.0,1583,964,576,60,1020,8624,4808,49189,0.175352,0,4,0
0000531,-003.500,-001.900,0000.200,0000.0,0000.0,1784,665,409,158,937,9193,5105,48703,0.159989,0,5,0
0000532,-003.450,-001.900,0000.200,0000.0,0000.0,1962,581,353,64,1041,9610,5335,48182,0.114309,0,6,0
0000533,-003.400,-001.900,0000.200,0000.0,0000.0,2055,489,332,63,1045,10041,5518,47747,0.10816,0,6,0
0000534,-003.350,-001.900,0000.200,0000.0,0000.0,2046,461,318,100,1021,10507,5894,47305,0.115215,0,6,0
0000535,-003.300,-001.900,0000.200,0000.0,0000.0,2041,471,324,95,1013,10754,6082,47066,0.115746,0,6,0
0000536,-003.250,-001.900,0000.200,0000.0,0000.0,2062,434,293,111,619,7001,3945,51213,0.125232,0,4,0
0000537,-003.200,-001.900,0000.200,0000.0,0000.0,2059,458,313,90,644,7137,4022,51052,0.123962,0,4,0
0000538,-003.150,-001.900,0000.200,0000.0,0000.0,1995,520,317,92,635,7340,4135,50858,0.126157,0,4,0
0000539,-003.100,-001.900,0000.200,0000.0,0000.0,1934,577,323,96,641,7405,4207,50787,0.129002,0,4,0
0000540,-003.050,-001.900,0000.200,0000.0,0000.0,1893,644,343,70,657,7383,4187,50793,0.126532,0,4,0
0000541,-003.000,-001.900,0000.200,0000.0,0000.0,1819,717,384,71,676,7689,4395,50468,0.138593,0,4,0
0000542,-002.950,-001.900,0000.200,0000.0,0000.0,1685,856,450,66,695,7747,4433,50391,0.156269,0,4,0
0000543,-002.900,-001.900,0000.200,0000.0,0000.0,1650,885,530,72,827,7904,4448,50102,0.175306,0,5,0
0000544,-002.850,-001.900,0000.200,0000.0,0000.0,1587,932,575,88,685,8263,4567,49885,0.201397,0,3,0
0000545,-002.800,-001.900,0000.200,0000.0,0000.0,1501,1014,655,92,757,7779,4220,50297,0.222057,0,2,0
0000546,-002.750,-001.900,0000.200,0000.0,0000.0,1409,1121,662,77,685,9059,4861,49089,0.224484,0,2,0
0000547,-002.700,-001.900,0000.200,0000.0,0000.0,1550,1002,581,55,740,9433,5026,48660,0.190021,0,2,0
0000548,-002.650,-001.900,0000.200,0000.0,0000.0,1572,980,495,55,772,9784,5322,48277,0.16277,0,2,0
0000549,-002.600,-001.900,0000.200,0000.0,0000.0,1726,729,366,152,843,10168,5459,47822,0.150145,0,3,0
0000550,-002.550,-001.900,0000.200,0000.0,0000.0,1765,785,316,57,915,10301,5521,47617,0.105906,0,4,0
0000551,-002.500,-001.900,0000.200,0000.0,0000.0,1909,644,292,54,910,10645,5604,47278,0.0983793,0,4,0
0000552,-002.450,-001.900,0000.200,0000.0,0000.0,1822,733,329,52,920,10985,5864,46928,0.108024,0,4,0
0000553,-002.400,-001.900,0000.200,0000.0,0000.0,1753,843,416,11,940,11072,5984,46821,0.120383,0,3,0
0000554,-002.350,-001.900,0000.200,0000.0,0000.0,1746,793,436,68,507,7391,3904,50935,0.16185,0,1,0
0000555,-002.300,-001.900,0000.200,0000.0,0000.0,1689,907,521,11,575,7416,3879,50842,0.16719,0,0,0
0000556,-002.250,-001.900,0000.200,0000.0,0000.0,1660,865,463,82,511,7298,3892,51024,0.174792,0,1,0
0000557,-002.200,-001.900,0000.200,0000.0,0000.0,1730,868,450,9,538,6831,3594,51464,0.145946,0,0,0
0000558,-002.150,-001.900,0000.200,0000.0,0000.0,1836,761,334,10,529,6859,3660,51445,0.109694,0,0,0
0000559,-002.100,-001.900,0000.200,0000.0,0000.0,2082,416,190,109,417,7279,3862,51137,0.0988757,0,1,0
0000560,-002.050,-001.900,0000.200,0000.0,0000.0,2257,337,144,13,509,7352,3904,50972,0.0503851,0,1,0
0000561,-002.000,-001.900,0000.200,0000.0,0000.0,2444,150,83,13,507,7293,3798,51033,0.0308285,0,1,0
0000562,-001.950,-001.900,0000.200,0000.0,0000.0,2450,144,78,13,494,7136,3680,51203,0.0293454,0,1,0
0000563,-001.900,-001.900,0000.200,0000.0,0000.0,2416,184,83,7,365,6512,3257,51956,0.0302826,0,1,0
0000564,-001.850,-001.900,0000.200,0000.0,0000.0,2335,266,123,6,186,3190,1600,55457,0.0461869,0,0,0
0000565,-001.800,-001.900,0000.200,0000.0,0000.0,2278,328,101,1,179,2912,1515,55742,0.0366116,0,1,0
0000566,-001.750,-001.900,0000.200,0000.0,0000.0,2607,0,0,0,205,1967,1164,56661,0,0,0,0
0000567,-001.700,-001.900,0000.200,0000.0,0000.0,1032,1392,862,183,2466,23841,14044,32526,0.205993,0,11,2
0000568,-001.650,-001.900,0000.200,0000.0,0000.0,1037,1319,753,251,2766,29410,16080,26657,0.18686,14,14,251
0000569,-001.600,-001.900,0000.200,0000.0,0000.0,949,1460,885,198,1989,22399,12263,34445,0.23564,0,9,0
0000570,-001.550,-001.900,0000.200,0000.0,0000.0,1190,1198,696,219,1988,22548,12477,34297,0.199129,0,10,1
0000571,-001.500,-001.900,0000.200,0000.0,0000.0,1166,1214,683,227,1898,20063,11011,36872,0.201998,0,11,0
0000572,-001.450,-001.900,0000.200,0000.0,0000.0,1535,1026,566,46,1505,14320,8020,43008,0.148833,0,8,0
0000573,-001.400,-001.900,0000.200,0000.0,0000.0,1624,973,517,10,1454,14569,8182,42810,0.129771,0,7,0
0000574,-001.350,-001.900,0000.200,0000.0,0000.0,1702,895,427,10,1449,14468,8231,42916,0.107742,0,7,0
0000575,-001.300,-001.900,0000.200,0000.0,0000.0,1862,735,336,10,1383,14098,7969,43352,0.0867168,0,7,0
0000576,-001.250,-001.900,0000.200,0000.0,0000.0,2070,429,186,108,1295,14361,8149,43177,0.075346,0,8,2
0000577,-001.200,-001.900,0000.200,0000.0,0000.0,2238,354,131,15,1472,14037,8077,43324,0.0357931,0,9,1
0000578,-001.150,-001.900,0000.200,0000.0,0000.0,2425,167,98,15,1428,13334,7773,44071,0.028005,0,9,1
0000579,-001.100,-001.900,0000.200,0000.0,0000.0,2421,173,96,13,1222,12393,7110,45218,0.028467,0,7,0
0000580,-001.050,-001.900,0000.200,0000.0,0000.0,2434,161,88,12,1114,11313,6502,46406,0.0268745,0,6,0
0000581,-001.000,-001.900,0000.200,0000.0,0000.0,2399,198,94,10,830,8641,4912,49362,0.0302589,0,4,0
0000582,-000.950,-001.900,0000.200,0000.0,0000.0,2335,266,123,6,186,3190,1600,55457,0.0461869,0,0,0
0000583,-000.900,-001.900,0000.200,0000.0,0000.0,2278,328,101,1,179,2912,1515,55742,0.0366116,0,1,0
0000584,-000.850,-001.900,0000.200,0000.0,0000.0,2607,0,0,0,48,552,299,58233,0,0,0,0
0000585,-000.800,-001.900,0000.200,0000.0,0000.0,1505,925,469,177,596,7935,4344,50302,0.201686,0,2,0
0000586,-000.750,-001.900,0000.200,0000.0,0000.0,1680,923,441,4,605,8705,4661,49523,0.138543,0,1,0
0000587,-000.700,-001.900,0000.200,0000.0,0000.0,2071,529,267,7,583,9921,4938,48329,0.0858934,0,1,0
0000588,-000.650,-001.900,0000.200,0000.0,0000.0,2286,313,178,8,577,10125,5019,48131,0.0584171,0,2,0
0000589,-000.600,-001.900,0000.200,0000.0,0000.0,2460,139,71,8,541,9651,4803,48641,0.0250953,0,2,0
0000590,-000.550,-001.900,0000.200,0000.0,0000.0,2455,144,71,8,568,10111,5039,48154,0.0248819,0,2,0
0000591,-000.500,-001.900,0000.200,0000.0,0000.0,2474,126,62,7,377,6786,3385,51670,0.0231233,0,1,0
0000592,-000.450,-001.900,0000.200,0000.0,0000.0,2385,215,115,7,366,6489,3228,51978,0.041036,0,1,0
0000593,-000.400,-001.900,0000.200,0000.0,0000.0,2417,187,39,3,189,3269,1684,55375,0.0150215,0,0,0
0000594,-000.350,-001.900,0000.200,0000.0,0000.0,2499,107,17,1,284,4180,2209,54369,0.00622622,0,1,0
0000595,-000.300,-001.900,0000.200,0000.0,0000.0,1289,1221,555,97,1591,15562,8739,41680,0.155312,0,7,0
0000596,-000.250,-001.900,0000.200,0000.0,0000.0,1232,1317,631,58,1814,15307,8524,41712,0.155847,0,7,0
0000597,-000.200,-001.900,0000.200,0000.0,0000.0,1303,1243,683,61,1911,15310,8439,41612,0.164675,0,6,0
0000598,-000.150,-001.900,0000.200,0000.0,0000.0,1273,1217,687,117,1749,15504,8619,41580,0.184573,0,7,0
0000599,-000.100,-001.900,0000.200,0000.0,0000.0,1280,1205,704,122,1804,15698,8721,41331,0.187259,5,5,95
0000600,-000.050,-001.900,0000.200,0000.0,0000.0,1297,1119,650,191,1688,15119,8542,42026,0.195809,0,6,8
0000601,-010.000,-001.850,0000.200,0000.0,0000.0,2249,336,155,22,537,6781,3468,51515,0.0562977,0,1,0
0000602,-009.950,-001.850,0000.200,0000.0,0000.0,2239,335,154,33,681,6894,3522,51258,0.0568735,0,2,0
0000603,-009.900,-001.850,0000.200,0000.0,0000.0,2245,330,149,32,690,6955,3514,51188,0.0548984,0,2,0
0000604,-009.850,-001.850,0000.200,0000.0,0000.0,2208,367,160,32,688,7005,3578,51140,0.0582701,0,2,0
0000605,-009.800,-001.850,0000.200,0000.0,0000.0,2204,377,186,26,566,6711,3419,51556,0.0668137,0,2,0
0000606,-009.750,-001.850,0000.200,0000.0,0000.0,2227,325,178,55,541,6771,3435,51521,0.0740152,0,2,0
0000607,-009.700,-001.850,0000.200,0000.0,0000.0,2095,476,216,36,720,6652,3424,51461,0.0757439,0,3,0
0000608,-009.650,-001.850,0000.200,0000.0,0000.0,2173,411,247,23,553,7101,3717,51179,0.085443,0,2,0
0000609,-009.600,-001.850,0000.200,0000.0,0000.0,2168,416,176,23,568,7489,4079,50776,0.0626772,0,2,0
0000610,-009.550,-001.850,0000.200,0000.0,0000.0,1908,674,352,25,746,7915,4306,50172,0.112437,0,4,0
0000611,-009.500,-001.850,0000.200,0000.0,0000.0,1677,812,500,118,606,9264,4674,48963,0.192344,0,2,0
0000612,-009.450,-001.850,0000.200,0000.0,0000.0,2212,385,194,10,740,12602,6401,45491,0.0609501,0,4,0
0000613,-009.400,-001.850,0000.200,0000.0,0000.0,2059,487,279,61,132,2977,1447,55724,0.124133,0,1,0
0000614,-009.350,-001.850,0000.200,0000.0,0000.0,2588,18,8,1,179,3222,1607,55432,0.00323044,0,1,0
0000615,-009.300,-001.850,0000.200,0000.0,0000.0,2607,0,0,0,131,1547,841,57155,0,0,0,0
0000616,-009.250,-001.850,0000.200,0000.0,0000.0,1043,1362,842,202,2254,25144,13892,31435,0.214771,0,15,0
0000617,-009.200,-001.850,0000.200,0000.0,0000.0,1191,1123,683,293,2056,24503,13434,32274,0.209307,0,14,0
0000618,-009.150,-001.850,0000.200,0000.0,0000.0,1208,1194,690,205,1846,20862,11607,36125,0.200988,0,14,0
0000619,-009.100,-001.850,0000.200,0000.0,0000.0,1423,976,579,208,1544,16126,8721,41163,0.189593,0,14,0
0000620,-009.050,-001.850,0000.200,0000.0,0000.0,1431,926,547,250,1608,16326,8835,40899,0.189087,0,15,0
0000621,-009.000,-001.850,0000.200,0000.0,0000.0,1435,977,599,195,1496,16623,8991,40714,0.193517,0,11,0
0000622,-008.950,-001.850,0000.200,0000.0,0000.0,1387,1018,589,202,1452,16694,9116,40687,0.194876,0,11,0
0000623,-008.900,-001.850,0000.200,0000.0,0000.0,1397,1010,610,200,1403,16135,8742,41295,0.201995,0,11,0
0000624,-008.850,-001.850,0000.200,0000.0,0000.0,1417,965,596,225,1373,16090,8699,41370,0.206281,0,11,0
0000625,-008.800,-001.850,0000.200,0000.0,0000.0,1313,1101,637,193,1421,15952,8674,41460,0.206058,0,11,0
0000626,-008.750,-001.850,0000.200,0000.0,0000.0,1425,995,651,187,1599,15810,8453,41424,0.199239,0,12,1
0000627,-008.700,-001.850,0000.200,0000.0,0000.0,1461,966,536,180,1479,15814,8574,41540,0.175233,0,11,1
0000628,-008.650,-001.850,0000.200,0000.0,0000.0,1349,1138,720,120,1516,15345,8199,41972,0.203735,0,11,0
0000629,-008.600,-001.850,0000.200,0000.0,0000.0,1634,865,542,108,1430,15256,8218,42147,0.161011,0,8,0
0000630,-008.550,-001.850,0000.200,0000.0,0000.0,1736,856,454,15,1570,14146,7686,43117,0.112282,0,9,0
0000631,-008.500,-001.850,0000.200,0000.0,0000.0,2502,98,59,7,1040,10032,5610,47761,0.0180971,0,7,0
0000632,-008.450,-001.850,0000.200,0000.0,0000.0,2549,54,28,4,587,5962,3357,52284,0.0100188,0,4,0
0000633,-008.400,-001.850,0000.200,0000.0,0000.0,2607,0,0,0,0,0,0,58833,0,0,0,0
0000634,-008.350,-001.850,0000.200,0000.0,0000.0,2245,346,192,16,377,6576,3259,51880,0.0697051,0,1,0
0000635,-008.300,-001.850,0000.200,0000.0,0000.0,2164,427,198,16,380,6519,3262,51934,0.0716438,0,1,0
0000636,-008.250,-001.850,0000.200,0000.0,0000.0,2212,350,198,45,342,6586,3258,51905,0.0824008,0,1,0
0000637,-008.200,-001.850,0000.200,0000.0,0000.0,2253,341,145,13,371,6571,3303,51891,0.0530557,0,1,0
0000638,-008.150,-001.850,0000.200,0000.0,0000.0,2056,538,356,13,373,6390,3097,52070,0.123826,0,1,0
0000639,-008.100,-001.850,0000.200,0000.0,0000.0,2393,203,104,11,373,6709,3344,51751,0.0385906,0,2,0
0000640,-008.050,-001.850,0000.200,0000.0,0000.0,2411,187,104,9,363,6509,3236,51961,0.0380471,0,2,0
0000641,-008.000,-001.850,0000.200,0000.0,0000.0,2182,420,156,5,187,3036,1567,55610,0.0576235,0,1,0
0000642,-007.950,-001.850,0000.200,0000.0,0000.0,2108,499,238,0,180,2741,1378,55912,0.0853965,0,0,0
0000643,-007.900,-001.850,0000.200,0000.0,0000.0,2607,0,0,0,178,1150,637,57505,0,0,0,0
0000644,-007.850,-001.850,0000.200,0000.0,0000.0,1239,1065,721,303,2568,18127,10293,38138,0.197874,0,11,0
0000645,-007.800,-001.850,0000.200,0000.0,0000.0,1193,1063,715,351,2638,18407,10452,37788,0.203241,0,12,0
0000646,-007.750,-001.850,0000.200,0000.0,0000.0,1185,1035,709,387,2526,19353,11071,36954,0.21352,0,11,0
0000647,-007.700,-001.850,0000.200,0000.0,0000.0,1088,1160,764,359,2644,19927,11503,36262,0.213864,0,11,0
0000648,-007.650,-001.850,0000.200,0000.0,0000.0,1048,1140,794,419,2651,21027,12186,35155,0.230696,0,11,0
0000649,-007.600,-001.850,0000.200,0000.0,0000.0,1046,1105,766,456,2954,21968,12853,33911,0.219745,0,12,2
0000650,-007.550,-001.850,0000.200,0000.0,0000.0,742,1412,1033,453,2978,23317,13514,32538,0.26607,0,12,4
0000651,-007.500,-001.850,0000.200,0000.0,0000.0,804,1477,894,326,2941,25552,14903,30340,0.219899,0,10,3
0000652,-007.450,-001.850,0000.200,0000.0,0000.0,785,1340,935,482,2950,27891,16022,27992,0.254994,0,14,6
0000653,-007.400,-001.850,0000.200,0000.0,0000.0,870,1443,978,294,2928,27695,15747,28210,0.22981,13,13,288
0000654,-007.350,-001.850,0000.200,0000.0,0000.0,780,1560,1018,267,2804,27979,15772,28050,0.237479,0,16,9
0000655,-007.300,-001.850,0000.200,0000.0,0000.0,1197,1191,790,219,2535,23935,13734,32363,0.196227,0,15,4
0000656,-007.250,-001.850,0000.200,0000.0,0000.0,1055,1387,980,165,1898,19584,10696,37351,0.254162,0,10,1
0000657,-007.200,-001.850,0000.200,0000.0,0000.0,1639,820,576,148,1306,15898,8369,41629,0.185024,0,7,1
0000658,-007.150,-001.850,0000.200,0000.0,0000.0,1753,827,484,27,1237,15094,8066,42502,0.132934,0,6,5
0000659,-007.100,-001.850,0000.200,0000.0,0000.0,2307,294,200,6,1019,11088,6041,46726,0.0568119,0,6,0
0000660,-007.050,-001.850,0000.200,0000.0,0000.0,2524,79,47,4,705,7738,4235,50390,0.0153986,0,4,0
0000661,-007.000,-001.850,0000.200,0000.0,0000.0,2607,0,0,0,72,411,238,58350,0,0,0,0
0000662,-006.950,-001.850,0000.200,0000.0,0000.0,2077,419,270,111,983,5788,3317,52062,0.106128,0,7,0
0000663,-006.900,-001.850,0000.200,0000.0,0000.0,1888,614,315,105,1006,6855,3702,50972,0.116247,0,7,0
0000664,-006.850,-001.850,0000.200,0000.0,0000.0,1507,973,633,127,982,7061,3673,50790,0.211758,0,5,0
0000665,-006.800,-001.850,0000.200,0000.0,0000.0,2163,351,214,93,1038,10381,5390,47414,0.084225,0,7,0
0000666,-006.750,-001.850,0000.200,0000.0,0000.0,2201,315,196,91,658,3787,2050,54388,0.087902,0,5,0
0000667,-006.700,-001.850,0000.200,0000.0,0000.0,2201,315,196,91,652,3795,2057,54386,0.0880638,0,5,0
0000668,-006.650,-001.850,0000.200,0000.0,0000.0,2201,315,196,91,649,3799,2060,54385,0.088145,0,5,0
0000669,-006.600,-001.850,0000.200,0000.0,0000.0,2201,315,197,91,650,3822,2078,54361,0.0884249,0,5,0
0000670,-006.550,-001.850,0000.200,0000.0,0000.0,2188,346,235,73,697,3992,2219,54144,0.0932203,0,5,0
0000671,-006.500,-001.850,0000.200,0000.0,0000.0,2188,346,235,73,698,3995,2221,54140,0.0931921,0,5,0
0000672,-006.450,-001.850,0000.200,0000.0,0000.0,2188,354,240,65,703,4017,2225,54113,0.092145,0,5,0
0000673,-006.400,-001.850,0000.200,0000.0,0000.0,2178,364,248,65,728,4128,2320,53977,0.0938531,0,5,0
0000674,-006.350,-001.850,0000.200,0000.0,0000.0,2178,354,240,75,827,4041,2251,53965,0.0917298,0,6,0
0000675,-006.300,-001.850,0000.200,0000.0,0000.0,2168,364,248,75,840,4186,2372,53807,0.0937047,0,6,0
0000676,-006.250,-001.850,0000.200,0000.0,0000.0,2158,374,256,75,855,4347,2503,53631,0.0956095,0,6,0
0000677,-006.200,-001.850,0000.200,0000.0,0000.0,2150,382,263,75,793,4173,2416,53867,0.0994118,0,6,0
0000678,-006.150,-001.850,0000.200,0000.0,0000.0,2114,408,273,85,1035,4711,2774,53087,0.0982976,0,7,0
0000679,-006.100,-001.850,0000.200,0000.0,0000.0,2100,432,292,75,872,5256,3096,52705,0.10549,0,6,0
0000680,-006.050,-001.850,0000.200,0000.0,0000.0,2079,453,305,75,884,5847,3353,52102,0.108851,0,6,0
0000681,-006.000,-001.850,0000.200,0000.0,0000.0,1885,643,330,79,1055,6766,3620,51012,0.111688,0,7,0
0000682,-005.950,-001.850,0000.200,0000.0,0000.0,1489,946,619,172,957,7216,3785,50660,0.221942,0,5,0
0000683,-005.900,-001.850,0000.200,0000.0,0000.0,2160,380,249,67,1074,10327,5383,47432,0.0858462,0,7,0
0000684,-005.850,-001.850,0000.200,0000.0,0000.0,2195,342,240,70,711,3981,2183,54141,0.0934298,0,5,0
0000685,-005.800,-001.850,0000.200,0000.0,0000.0,2195,342,240,70,711,3981,2184,54141,0.0934298,0,5,0
0000686,-005.750,-001.850,0000.200,0000.0,0000.0,2195,347,246,65,724,3970,2173,54139,0.0933654,0,5,0
0000687,-005.700,-001.850,0000.200,0000.0,0000.0,2195,347,246,65,723,3983,2183,54127,0.0933934,0,5,0
0000688,-005.650,-001.850,0000.200,0000.0,0000.0,2185,378,268,44,741,4101,2277,53991,0.09319,0,5,0
0000689,-005.600,-001.850,0000.200,0000.0,0000.0,2185,378,268,44,733,4112,2287,53988,0.0934132,0,5,0
0000690,-005.550,-001.850,0000.200,0000.0,0000.0,2185,378,268,44,739,4118,2291,53976,0.0932457,0,5,0
0000691,-005.500,-001.850,0000.200,0000.0,0000.0,2175,388,276,44,763,4233,2386,53837,0.0949555,0,5,0
0000692,-005.450,-001.850,0000.200,0000.0,0000.0,2175,378,268,54,866,4142,2314,53825,0.0927152,0,6,0
0000693,-005.400,-001.850,0000.200,0000.0,0000.0,2165,388,276,54,885,4281,2428,53667,0.0945017,0,6,0
0000694,-005.350,-001.850,0000.200,0000.0,0000.0,2155,398,284,54,899,4449,2565,53485,0.0964062,0,6,0
0000695,-005.300,-001.850,0000.200,0000.0,0000.0,2144,373,269,90,874,4761,2804,53198,0.103131,0,6,0
0000696,-005.250,-001.850,0000.200,0000.0,0000.0,2115,402,277,90,871,4951,2954,53011,0.10552,0,6,0
0000697,-005.200,-001.850,0000.200,0000.0,0000.0,2094,413,293,100,1046,5331,3183,52456,0.107583,0,7,0
0000698,-005.150,-001.850,0000.200,0000.0,0000.0,2073,434,307,100,1045,5923,3462,51865,0.111446,0,7,0
0000699,-005.100,-001.850,0000.200,0000.0,0000.0,1938,575,317,94,961,6379,3481,51493,0.115191,0,7,0
0000700,-005.050,-001.850,0000.200,0000.0,0000.0,1469,926,574,212,938,7399,3964,50496,0.221721,0,6,0
0000701,-005.000,-001.850,0000.200,0000.0,0000.0,2170,355,238,82,1049,9417,5203,48367,0.0875274,0,7,0
0000702,-004.950,-001.850,0000.200,0000.0,0000.0,2192,335,230,80,689,4177,2300,53967,0.0940534,0,5,0
0000703,-004.900,-001.850,0000.200,0000.0,0000.0,2188,333,231,86,686,4274,2383,53873,0.0962648,0,5,0
0000704,-004.850,-001.850,0000.200,0000.0,0000.0,2188,332,230,87,690,4270,2380,53873,0.096148,0,5,0
0000705,-004.800,-001.850,0000.200,0000.0,0000.0,2188,333,231,86,692,4289,2396,53852,0.0960897,0,5,0
0000706,-004.750,-001.850,0000.200,0000.0,0000.0,2178,342,240,87,707,4399,2495,53727,0.0986723,0,5,0
0000707,-004.700,-001.850,0000.200,0000.0,0000.0,2178,342,240,87,710,4396,2489,53727,0.0985831,0,5,0
0000708,-004.650,-001.850,0000.200,0000.0,0000.0,2178,311,207,118,671,4463,2524,53699,0.0991458,0,5,0
0000709,-004.600,-001.850,0000.200,0000.0,0000.0,2168,321,215,118,678,4607,2642,53548,0.10137,0,5,0
0000710,-004.550,-001.850,0000.200,0000.0,0000.0,2162,325,211,120,687,4706,2709,53440,0.100486,0,5,0
0000711,-004.500,-001.850,0000.200,0000.0,0000.0,2152,334,219,121,705,4848,2825,53280,0.102657,0,5,0
0000712,-004.450,-001.850,0000.200,0000.0,0000.0,2142,344,227,121,718,5015,2961,53100,0.104662,0,5,0
0000713,-004.400,-001.850,0000.200,0000.0,0000.0,2134,352,233,121,728,5189,3084,52916,0.106147,0,5,0
0000714,-004.350,-001.850,0000.200,0000.0,0000.0,2105,384,239,118,730,5392,3215,52711,0.106982,0,5,0
0000715,-004.300,-001.850,0000.200,0000.0,0000.0,2085,439,288,83,784,5819,3493,52230,0.109407,0,4,0
0000716,-004.250,-001.850,0000.200,0000.0,0000.0,2064,460,304,83,791,6396,3781,51646,0.113891,0,4,0
0000717,-004.200,-001.850,0000.200,0000.0,0000.0,2043,455,292,109,937,7177,4065,50719,0.113149,0,5,0
0000718,-004.150,-001.850,0000.200,0000.0,0000.0,1624,845,511,138,919,7757,4179,50157,0.184061,0,5,0
0000719,-004.100,-001.850,0000.200,0000.0,0000.0,1971,561,314,75,962,8841,5032,49030,0.108994,0,5,0
0000720,-004.050,-001.850,0000.200,0000.0,0000.0,2170,368,231,69,619,4770,2685,53444,0.0929944,0,3,0
0000721,-004.000,-001.850,0000.200,0000.0,0000.0,2170,367,231,70,564,4412,2465,53857,0.0949227,0,3,0
0000722,-003.950,-001.850,0000.200,0000.0,0000.0,2170,367,230,70,612,4784,2679,53437,0.0931966,0,3,0
0000723,-003.900,-001.850,0000.200,0000.0,0000.0,2170,367,230,70,609,4823,2698,53401,0.0932836,0,3,0
0000724,-003.850,-001.850,0000.200,0000.0,0000.0,2154,411,256,42,756,4914,2742,53163,0.0886114,0,3,0
0000725,-003.800,-001.850,0000.200,0000.0,0000.0,2154,421,263,32,648,5035,2849,53150,0.0906298,0,2,0
0000726,-003.750,-001.850,0000.200,0000.0,0000.0,2154,425,265,28,653,5054,2867,53126,0.0898773,0,2,0
0000727,-003.700,-001.850,0000.200,0000.0,0000.0,2138,442,277,27,688,5262,3036,52883,0.092261,0,2,0
0000728,-003.650,-001.850,0000.200,0000.0,0000.0,2138,433,252,36,790,5202,2945,52841,0.0847807,0,3,0
0000729,-003.600,-001.850,0000.200,0000.0,0000.0,2128,443,258,36,815,5352,3071,52666,0.0859147,0,3,0
0000730,-003.550,-001.850,0000.200,0000.0,0000.0,2112,448,261,47,978,5469,3165,52386,0.0859135,0,4,0
0000731,-003.500,-001.850,0000.200,0000.0,0000.0,2104,456,254,47,974,5692,3295,52167,0.0840547,0,4,0
0000732,-003.450,-001.850,0000.200,0000.0,0000.0,2075,495,270,37,819,6039,3553,51975,0.0896089,0,3,0
0000733,-003.400,-001.850,0000.200,0000.0,0000.0,2055,515,276,37,834,6542,3836,51457,0.0909619,0,3,0
0000734,-003.350,-001.850,0000.200,0000.0,0000.0,2034,526,289,47,1007,6977,4056,50849,0.0929718,0,4,0
0000735,-003.300,-001.850,0000.200,0000.0,0000.0,2007,536,286,64,1000,8013,4476,49820,0.0970335,0,4,0
0000736,-003.250,-001.850,0000.200,0000.0,0000.0,1636,939,470,32,1032,8446,4432,49355,0.13795,0,4,0
0000737,-003.200,-001.850,0000.200,0000.0,0000.0,1840,642,303,125,923,9505,5286,48405,0.121246,0,4,0
0000738,-003.150,-001.850,0000.200,0000.0,0000.0,2128,449,205,30,665,5807,3150,52361,0.0718215,0,2,0
0000739,-003.100,-001.850,0000.200,0000.0,0000.0,2134,444,177,29,655,5791,3055,52387,0.0631514,0,2,0
0000740,-003.050,-001.850,0000.200,0000.0,0000.0,2128,450,181,29,661,5921,3156,52251,0.0642595,0,2,0
0000741,-003.000,-001.850,0000.200,0000.0,0000.0,2166,411,170,30,676,6001,3182,52156,0.0609199,0,2,0
0000742,-002.950,-001.850,0000.200,0000.0,0000.0,2200,365,158,42,792,6019,3152,52022,0.0588408,0,3,0
0000743,-002.900,-001.850,0000.200,0000.0,0000.0,2194,379,171,34,634,5798,3109,52401,0.0632521,0,2,0
0000744,-002.850,-001.850,0000.200,0000.0,0000.0,2230,341,168,36,688,6389,3403,51756,0.061912,0,2,0
0000745,-002.800,-001.850,0000.200,0000.0,0000.0,2217,356,181,34,697,6615,3570,51521,0.0650726,0,2,0
0000746,-002.750,-001.850,0000.200,0000.0,0000.0,2214,359,183,34,706,6722,3646,51405,0.0654995,0,2,0
0000747,-002.700,-001.850,0000.200,0000.0,0000.0,2204,369,189,34,745,6870,3756,51218,0.0665274,0,2,0
0000748,-002.650,-001.850,0000.200,0000.0,0000.0,2208,367,177,32,737,6882,3758,51214,0.0625,0,2,0
0000749,-002.600,-001.850,0000.200,0000.0,0000.0,2189,386,192,32,733,7072,3877,51028,0.0670659,0,2,0
0000750,-002.550,-001.850,0000.200,0000.0,0000.0,2153,422,203,32,722,7267,3988,50844,0.0705918,0,2,0
0000751,-002.500,-001.850,0000.200,0000.0,0000.0,2139,426,213,42,893,7580,4180,50360,0.0728571,0,3,0
0000752,-002.450,-001.850,0000.200,0000.0,0000.0,2125,450,231,32,733,8252,4567,49848,0.0787425,0,2,0
0000753,-002.400,-001.850,0000.200,0000.0,0000.0,2129,419,217,59,879,9071,4921,48883,0.0791738,0,3,0
0000754,-002.350,-001.850,0000.200,0000.0,0000.0,1721,856,387,30,922,10070,5181,47841,0.118164,0,3,0
0000755,-002.300,-001.850,0000.200,0000.0,0000.0,1724,859,420,24,899,10690,5653,47244,0.12664,0,1,0
0000756,-002.250,-001.850,0000.200,0000.0,0000.0,2224,367,171,16,434,6918,3532,51481,0.0614929,0,1,0
0000757,-002.200,-001.850,0000.200,0000.0,0000.0,2245,346,192,16,377,6576,3259,51880,0.0697051,0,1,0
0000758,-002.150,-001.850,0000.200,0000.0,0000.0,2164,427,198,16,380,6519,3262,51934,0.0716438,0,1,0
0000759,-002.100,-001.850,0000.200,0000.0,0000.0,2212,350,198,45,342,6586,3258,51905,0.0824008,0,1,0
0000760,-002.050,-001.850,0000.200,0000.0,0000.0,2271,322,143,14,373,6614,3313,51846,0.0526846,0,1,0
0000761,-002.000,-001.850,0000.200,0000.0,0000.0,2056,538,356,13,373,6390,3097,52070,0.123826,0,1,0
0000762,-001.950,-001.850,0000.200,0000.0,0000.0,2393,203,104,11,373,6709,3344,51751,0.0385906,0,2,0
0000763,-001.900,-001.850,0000.200,0000.0,0000.0,2411,187,104,9,363,6509,3236,51961,0.0380471,0,2,0
0000764,-001.850,-001.850,0000.200,0000.0,0000.0,2244,356,130,7,186,3108,1596,55539,0.0490512,0,1,0
0000765,-001.800,-001.850,0000.200,0000.0,0000.0,1965,546,185,96,85,2702,1433,56046,0.104383,0,1,0
0000766,-001.750,-001.850,0000.200,0000.0,0000.0,2607,0,0,0,180,1968,1092,56685,0,0,0,0
0000767,-001.700,-001.850,0000.200,0000.0,0000.0,1257,1154,726,196,2406,26730,14769,29697,0.183922,0,13,2
0000768,-001.650,-001.850,0000.200,0000.0,0000.0,1580,936,544,91,2411,26171,14584,30251,0.126544,0,14,0
0000769,-001.600,-001.850,0000.200,0000.0,0000.0,1583,876,513,148,2087,22922,12801,33824,0.140818,0,13,0
0000770,-001.550,-001.850,0000.200,0000.0,0000.0,1627,895,531,85,1800,17080,9377,39953,0.139778,12,12,85
0000771,-001.500,-001.850,0000.200,0000.0,0000.0,1636,889,528,82,1528,16613,9111,40692,0.147521,0,9,0
0000772,-001.450,-001.850,0000.200,0000.0,0000.0,1555,970,568,82,1627,16776,9226,40430,0.153519,0,9,0
0000773,-001.400,-001.850,0000.200,0000.0,0000.0,1534,1050,608,23,1617,16905,9318,40311,0.149384,0,8,0
0000774,-001.350,-001.850,0000.200,0000.0,0000.0,1512,1071,629,24,1745,16720,9313,40368,0.150046,0,9,0
0000775,-001.300,-001.850,0000.200,0000.0,0000.0,1530,983,618,94,1697,16111,8989,41025,0.165428,0,9,0
0000776,-001.250,-001.850,0000.200,0000.0,0000.0,1467,1049,600,91,1509,15987,9015,41337,0.167881,0,8,3
0000777,-001.200,-001.850,0000.200,0000.0,0000.0,1445,971,560,191,1492,15837,8999,41504,0.183215,0,8,5
0000778,-001.150,-001.850,0000.200,0000.0,0000.0,1530,988,528,89,1490,15685,9022,41658,0.150598,0,8,4
0000779,-001.100,-001.850,0000.200,0000.0,0000.0,1358,1162,723,87,1511,15163,8660,42159,0.196697,0,8,3
0000780,-001.050,-001.850,0000.200,0000.0,0000.0,1751,644,388,212,1546,15050,8552,42237,0.144474,0,11,5
0000781,-001.000,-001.850,0000.200,0000.0,0000.0,1846,752,415,9,1525,14406,8145,42902,0.102614,0,9,0
0000782,-000.950,-001.850,0000.200,0000.0,0000.0,2322,277,205,8,1305,11239,6556,46289,0.0544479,0,8,0
0000783,-000.900,-001.850,0000.200,0000.0,0000.0,2534,66,41,7,994,8519,5134,49320,0.0133296,0,7,0
0000784,-000.850,-001.850,0000.200,0000.0,0000.0,2607,0,0,0,48,444,226,58341,0,0,0,0
0000785,-000.800,-001.850,0000.200,0000.0,0000.0,2196,375,192,36,747,6714,3415,51372,0.0679785,0,3,0
0000786,-000.750,-001.850,0000.200,0000.0,0000.0,2167,404,206,36,728,6704,3418,51401,0.0725637,0,3,0
0000787,-000.700,-001.850,0000.200,0000.0,0000.0,2101,480,234,26,514,6360,3321,51959,0.0833066,0,2,0
0000788,-000.650,-001.850,0000.200,0000.0,0000.0,2176,408,226,23,562,7186,3771,51085,0.0785737,0,2,0
0000789,-000.600,-001.850,0000.200,0000.0,0000.0,1994,590,229,23,555,7508,4158,50770,0.0796964,0,2,0
0000790,-000.550,-001.850,0000.200,0000.0,0000.0,1865,724,272,18,563,8063,4466,50207,0.0914826,0,3,0
0000791,-000.500,-001.850,0000.200,0000.0,0000.0,1701,818,410,88,488,9550,4761,48795,0.160905,0,3,0
0000792,-000.450,-001.850,0000.200,0000.0,0000.0,2180,329,166,98,456,9623,4796,48754,0.08619,0,2,0
0000793,-000.400,-001.850,0000.200,0000.0,0000.0,1984,553,335,70,122,2903,1388,55808,0.148406,0,0,0
0000794,-000.350,-001.850,0000.200,0000.0,0000.0,2588,18,8,1,333,4496,2363,54004,0.00306122,0,1,0
0000795,-000.300,-001.850,0000.200,0000.0,0000.0,1351,1121,483,135,1960,17661,10186,39212,0.135319,0,7,3
0000796,-000.250,-001.850,0000.200,0000.0,0000.0,1348,1125,463,134,1789,17786,10266,39258,0.135805,0,6,23
0000797,-000.200,-001.850,0000.200,0000.0,0000.0,1321,1139,505,147,2162,17914,10308,38757,0.136716,0,7,3
0000798,-000.150,-001.850,0000.200,0000.0,0000.0,1354,1173,579,80,2247,18761,10793,37825,0.135764,0,6,3
0000799,-000.100,-001.850,0000.200,0000.0,0000.0,1372,1182,628,53,2207,19614,11296,37012,0.141462,0,6,0
0000800,-000.050,-001.850,0000.200,0000.0,0000.0,1375,1185,667,47,2351,20426,11837,36056,0.14401,0,5,2
0000801,-010.000,-001.800,0000.200,0000.0,0000.0,1189,1162,786,256,3268,16856,10380,38709,0.177362,0,26,0
0000802,-009.950,-001.800,0000.200,0000.0,0000.0,1167,1216,823,224,2889,17518,10888,38426,0.190502,0,23,0
0000803,-009.900,-001.800,0000.200,0000.0,0000.0,1155,1157,760,295,2979,17684,11050,38170,0.188865,0,25,0
0000804,-009.850,-001.800,0000.200,0000.0,0000.0,1137,1207,780,263,2718,18354,11557,37761,0.195869,0,22,0
0000805,-009.800,-001.800,0000.200,0000.0,0000.0,1113,1234,792,260,2993,18616,11670,37224,0.187857,0,22,0
0000806,-009.750,-001.800,0000.200,0000.0,0000.0,1077,1264,808,266,3185,19435,12003,36213,0.185428,22,22,266
0000807,-009.700,-001.800,0000.200,0000.0,0000.0,969,1387,893,251,3029,20706,12561,35098,0.202981,0,20,3
0000808,-009.650,-001.800,0000.200,0000.0,0000.0,803,1518,937,286,3175,22080,12960,33578,0.211519,0,22,3
0000809,-009.600,-001.800,0000.200,0000.0,0000.0,797,1529,916,281,3004,21941,12512,33888,0.213331,0,22,5
0000810,-009.550,-001.800,0000.200,0000.0,0000.0,864,1513,937,230,3141,24942,14094,30750,0.203027,0,22,2
0000811,-009.500,-001.800,0000.200,0000.0,0000.0,660,1681,1051,266,3249,24367,13783,31217,0.224898,0,23,3
0000812,-009.450,-001.800,0000.200,0000.0,0000.0,515,1867,1133,225,3076,23883,13691,31874,0.238958,0,23,5
0000813,-009.400,-001.800,0000.200,0000.0,0000.0,511,1878,1114,218,3084,27302,14783,28447,0.234054,24,24,218
0000814,-009.350,-001.800,0000.200,0000.0,0000.0,1070,1240,773,297,2779,24028,13570,32026,0.198663,0,23,0
0000815,-009.300,-001.800,0000.200,0000.0,0000.0,855,1368,841,384,2580,24827,13876,31426,0.236167,0,20,0
0000816,-009.250,-001.800,0000.200,0000.0,0000.0,864,1394,899,349,2382,21369,12052,35082,0.25015,0,21,0
0000817,-009.200,-001.800,0000.200,0000.0,0000.0,1063,1222,785,322,1899,16863,9295,40071,0.245672,0,18,0
0000818,-009.150,-001.800,0000.200,0000.0,0000.0,1026,1258,789,323,1945,17061,9452,39827,0.244288,0,18,0
0000819,-009.100,-001.800,0000.200,0000.0,0000.0,970,1311,799,326,2142,17171,9545,39520,0.236892,0,18,0
0000820,-009.050,-001.800,0000.200,0000.0,0000.0,979,1385,887,243,2322,17449,9665,39062,0.229255,0,17,0
0000821,-009.000,-001.800,0000.200,0000.0,0000.0,1007,1332,873,268,2438,17777,9820,38618,0.226165,0,17,0
0000822,-008.950,-001.800,0000.200,0000.0,0000.0,1019,1317,809,271,2546,17946,10036,38341,0.209587,0,18,0
0000823,-008.900,-001.800,0000.200,0000.0,0000.0,835,1410,773,362,2668,17274,9740,38891,0.215166,0,21,1
0000824,-008.850,-001.800,0000.200,0000.0,0000.0,839,1314,899,454,2300,18052,10134,38481,0.275729,0,18,2
0000825,-008.800,-001.800,0000.200,0000.0,0000.0,1042,1203,729,362,2454,18523,10583,37856,0.21557,0,19,0
0000826,-008.750,-001.800,0000.200,0000.0,0000.0,1125,1122,739,360,2499,19180,10992,37154,0.215237,0,19,0
0000827,-008.700,-001.800,0000.200,0000.0,0000.0,1107,1098,715,402,2746,19674,11292,36413,0.208668,0,21,0
0000828,-008.650,-001.800,0000.200,0000.0,0000.0,901,1355,933,351,2660,20417,11795,35756,0.243782,0,18,0
0000829,-008.600,-001.800,0000.200,0000.0,0000.0,1046,1246,819,315,2531,18848,11106,37454,0.220708,0,17,0
0000830,-008.550,-001.800,0000.200,0000.0,0000.0,946,1258,827,403,2662,20053,11668,36118,0.233441,0,18,0
0000831,-008.500,-001.800,0000.200,0000.0,0000.0,837,1420,897,350,2694,20098,11713,36041,0.235239,0,19,0
0000832,-008.450,-001.800,0000.200,0000.0,0000.0,782,1470,944,355,2807,22315,12552,33711,0.239934,0,21,0
0000833,-008.400,-001.800,0000.200,0000.0,0000.0,1110,1181,773,316,2048,16802,9882,39983,0.233942,0,16,0
0000834,-008.350,-001.800,0000.200,0000.0,0000.0,1098,1186,778,323,2223,16704,9799,39906,0.22795,0,16,0
0000835,-008.300,-001.800,0000.200,0000.0,0000.0,1074,1200,790,333,2229,16405,9500,40199,0.232217,0,16,0
0000836,-008.250,-001.800,0000.200,0000.0,0000.0,1042,1228,822,337,2348,17014,9704,39471,0.233905,0,17,0
0000837,-008.200,-001.800,0000.200,0000.0,0000.0,948,1323,851,336,2305,18074,10162,38454,0.241653,0,16,0
0000838,-008.150,-001.800,0000.200,0000.0,0000.0,915,1360,922,332,2454,18872,10398,37507,0.247777,0,17,0
0000839,-008.100,-001.800,0000.200,0000.0,0000.0,815,1436,955,356,2527,19976,10951,36330,0.255356,0,17,0
0000840,-008.050,-001.800,0000.200,0000.0,0000.0,588,1653,1077,366,2965,21400,11967,34468,0.258973,0,17,1
0000841,-008.000,-001.800,0000.200,0000.0,0000.0,738,1505,1054,364,3484,24950,14181,30399,0.232802,0,17,3
0000842,-007.950,-001.800,0000.200,0000.0,0000.0,569,1591,980,447,3405,25262,14026,30166,0.237359,0,18,0
0000843,-007.900,-001.800,0000.200,0000.0,0000.0,811,1297,929,499,3138,19488,11143,36207,0.248564,0,17,0
0000844,-007.850,-001.800,0000.200,0000.0,0000.0,799,1259,902,549,3418,19940,11419,35475,0.24083,0,19,2
0000845,-007.800,-001.800,0000.200,0000.0,0000.0,799,1333,958,475,3343,20737,11941,34753,0.24084,0,19,0
0000846,-007.750,-001.800,0000.200,0000.0,0000.0,495,1594,1140,518,3375,21676,12562,33782,0.277165,0,18,3
0000847,-007.700,-001.800,0000.200,0000.0,0000.0,490,1618,1139,499,3787,22735,13187,32311,0.256178,0,21,5
0000848,-007.650,-001.800,0000.200,0000.0,0000.0,502,1539,1090,566,3703,24539,14338,30591,0.262441,0,21,22
0000849,-007.600,-001.800,0000.200,0000.0,0000.0,563,1516,1118,528,3608,26870,15601,28355,0.264843,0,20,5
0000850,-007.550,-001.800,0000.200,0000.0,0000.0,481,1623,1111,503,3640,29119,16993,26074,0.258364,0,25,4
0000851,-007.500,-001.800,0000.200,0000.0,0000.0,895,1343,883,369,3933,28345,16652,26555,0.191437,0,25,0
0000852,-007.450,-001.800,0000.200,0000.0,0000.0,539,1599,1078,469,3614,27303,16056,27916,0.248674,0,23,1
0000853,-007.400,-001.800,0000.200,0000.0,0000.0,554,1565,1008,488,3074,23966,14200,31793,0.263334,0,23,0
0000854,-007.350,-001.800,0000.200,0000.0,0000.0,872,1173,828,562,2614,23089,13154,33130,0.266233,0,17,0
0000855,-007.300,-001.800,0000.200,0000.0,0000.0,1049,1142,811,416,2320,20526,11393,35987,0.249036,15,15,416
0000856,-007.250,-001.800,0000.200,0000.0,0000.0,928,1240,818,439,2338,20765,11344,35730,0.254196,0,15,35
0000857,-007.200,-001.800,0000.200,0000.0,0000.0,1006,1155,809,446,2458,18403,10180,37972,0.247779,0,13,37
0000858,-007.150,-001.800,0000.200,0000.0,0000.0,912,1173,802,522,2658,19543,11135,36632,0.251472,0,15,38
0000859,-007.100,-001.800,0000.200,0000.0,0000.0,747,1351,946,509,2441,21981,12551,34411,0.288233,0,15,38
0000860,-007.050,-001.800,0000.200,0000.0,0000.0,618,1584,952,405,2544,25193,13606,31096,0.263444,0,15,48
0000861,-007.000,-001.800,0000.200,0000.0,0000.0,830,1409,940,368,2453,22035,12003,34345,0.258498,0,15,35
0000862,-006.950,-001.800,0000.200,0000.0,0000.0,897,1287,817,423,2341,18981,10652,37511,0.250606,0,15,34
0000863,-006.900,-001.800,0000.200,0000.0,0000.0,1092,1096,773,419,2347,19536,11088,36950,0.240614,0,17,34
0000864,-006.850,-001.800,0000.200,0000.0,0000.0,1110,1140,812,357,2005,15690,8916,41138,0.253469,0,14,34
0000865,-006.800,-001.800,0000.200,0000.0,0000.0,1105,1205,854,297,1960,15804,8983,41069,0.252025,0,12,34
0000866,-006.750,-001.800,0000.200,0000.0,0000.0,1099,1211,866,297,1998,15782,8975,41053,0.252552,0,12,33
0000867,-006.700,-001.800,0000.200,0000.0,0000.0,1089,1155,819,363,2065,15869,9005,40899,0.252997,14,14,363
0000868,-006.650,-001.800,0000.200,0000.0,0000.0,1083,1159,811,365,1922,15531,8827,41380,0.25966,0,12,11
0000869,-006.600,-001.800,0000.200,0000.0,0000.0,1077,1130,778,400,1909,15698,8931,41226,0.26085,0,13,11
0000870,-006.550,-001.800,0000.200,0000.0,0000.0,1067,1172,817,368,1900,15768,8964,41165,0.262924,0,13,11
0000871,-006.500,-001.800,0000.200,0000.0,0000.0,1055,1186,831,366,1889,15789,8957,41155,0.266237,0,12,11
0000872,-006.450,-001.800,0000.200,0000.0,0000.0,1039,1194,834,374,2022,15977,9050,40834,0.260963,0,13,12
0000873,-006.400,-001.800,0000.200,0000.0,0000.0,1027,1211,832,369,1906,16472,9243,40455,0.26612,0,13,11
0000874,-006.350,-001.800,0000.200,0000.0,0000.0,1015,1192,805,400,1945,16765,9378,40123,0.264719,0,14,12
0000875,-006.300,-001.800,0000.200,0000.0,0000.0,993,1210,830,404,2142,15954,8805,40737,0.259844,0,15,9
0000876,-006.250,-001.800,0000.200,0000.0,0000.0,1028,1230,859,349,2123,17290,9529,39420,0.255391,0,14,34
0000877,-006.200,-001.800,0000.200,0000.0,0000.0,1013,1242,861,352,2309,17698,9759,38826,0.246745,0,13,35
0000878,-006.150,-001.800,0000.200,0000.0,0000.0,955,1370,959,282,2412,17838,9778,38583,0.24726,0,14,37
0000879,-006.100,-001.800,0000.200,0000.0,0000.0,809,1493,971,305,2339,18071,9932,38423,0.257986,0,12,36
0000880,-006.050,-001.800,0000.200,0000.0,0000.0,940,1387,923,280,2341,18419,10184,38073,0.243129,0,11,34
0000881,-006.000,-001.800,0000.200,0000.0,0000.0,1093,1188,836,326,2278,19112,10710,37443,0.237871,0,12,33
0000882,-005.950,-001.800,0000.200,0000.0,0000.0,920,1434,946,253,2167,17543,9936,39123,0.251152,0,10,33
0000883,-005.900,-001.800,0000.200,0000.0,0000.0,1108,1188,822,311,1939,15237,8616,41657,0.24923,0,11,33
0000884,-005.850,-001.800,0000.200,0000.0,0000.0,1100,1198,838,309,1861,15349,8713,41623,0.256714,0,10,33
0000885,-005.800,-001.800,0000.200,0000.0,0000.0,1094,1206,836,307,1898,15398,8725,41537,0.253718,0,11,33
0000886,-005.750,-001.800,0000.200,0000.0,0000.0,1051,1110,732,446,1904,15485,8753,41444,0.261139,0,12,35
0000887,-005.700,-001.800,0000.200,0000.0,0000.0,1046,1156,753,405,1874,14788,8366,42171,0.258424,0,13,2
0000888,-005.650,-001.800,0000.200,0000.0,0000.0,1036,1129,735,442,1755,15096,8585,41982,0.26983,0,12,2
0000889,-005.600,-001.800,0000.200,0000.0,0000.0,1023,1248,846,336,1899,15408,8717,41526,0.262317,0,12,2
0000890,-005.550,-001.800,0000.200,0000.0,0000.0,1007,1194,794,406,2052,15650,8829,41131,0.257566,0,13,2
0000891,-005.500,-001.800,0000.200,0000.0,0000.0,993,1155,754,459,2005,16182,9048,40646,0.26301,0,13,0
0000892,-005.450,-001.800,0000.200,0000.0,0000.0,981,1267,833,359,1867,16733,9305,40233,0.266428,0,11,0
0000893,-005.400,-001.800,0000.200,0000.0,0000.0,967,1250,808,390,2024,17017,9329,39792,0.258691,0,12,0
0000894,-005.350,-001.800,0000.200,0000.0,0000.0,964,1252,811,391,2061,17441,9560,39331,0.257498,0,12,0
0000895,-005.300,-001.800,0000.200,0000.0,0000.0,948,1264,824,395,2258,17820,9793,38755,0.250565,0,12,0
0000896,-005.250,-001.800,0000.200,0000.0,0000.0,891,1364,892,352,2356,18069,9879,38408,0.250655,0,12,0
0000897,-005.200,-001.800,0000.200,0000.0,0000.0,796,1562,1003,249,2255,17046,9375,39532,0.257507,0,10,0
0000898,-005.150,-001.800,0000.200,0000.0,0000.0,868,1497,969,242,2495,18716,10314,37622,0.237358,0,10,2
0000899,-005.100,-001.800,0000.200,0000.0,0000.0,716,1665,954,226,2587,19337,10944,36909,0.227185,0,12,0
0000900,-005.050,-001.800,0000.200,0000.0,0000.0,845,1515,1009,247,2557,19357,11054,36919,0.243222,0,13,0
0000901,-005.000,-001.800,0000.200,0000.0,0000.0,1038,1325,883,244,2351,15814,8855,40668,0.227309,0,12,0
0000902,-004.950,-001.800,0000.200,0000.0,0000.0,1029,1376,892,202,2162,16143,9053,40528,0.229398,0,10,0
0000903,-004.900,-001.800,0000.200,0000.0,0000.0,1022,1409,916,176,2190,16332,9208,40311,0.227642,0,10,0
0000904,-004.850,-001.800,0000.200,0000.0,0000.0,1016,1436,950,155,2146,16544,9341,40143,0.232485,0,8,0
0000905,-004.800,-001.800,0000.200,0000.0,0000.0,1009,1345,874,253,2246,16683,9417,39904,0.232227,0,10,0
0000906,-004.750,-001.800,0000.200,0000.0,0000.0,1003,1224,742,380,2168,16946,9671,39719,0.234974,0,12,0
0000907,-004.700,-001.800,0000.200,0000.0,0000.0,997,1260,770,350,2104,17246,9870,39483,0.237741,0,11,0
0000908,-004.650,-001.800,0000.200,0000.0,0000.0,985,1249,757,373,2169,17567,10028,39097,0.2366,0,13,0
0000909,-004.600,-001.800,0000.200,0000.0,0000.0,973,1255,777,379,2232,17897,10150,38704,0.238892,0,13,0
0000910,-004.550,-001.800,0000.200,0000.0,0000.0,1013,1285,810,309,2242,18235,10274,38356,0.230769,0,12,0
0000911,-004.500,-001.800,0000.200,0000.0,0000.0,995,1239,753,373,2222,18631,10452,37980,0.233175,0,12,0
0000912,-004.450,-001.800,0000.200,0000.0,0000.0,995,1239,751,373,2169,18726,10491,37938,0.235343,0,11,0
0000913,-004.400,-001.800,0000.200,0000.0,0000.0,983,1302,812,322,2607,18644,10369,37582,0.217491,0,11,0
0000914,-004.350,-001.800,0000.200,0000.0,0000.0,978,1246,738,383,2654,18735,10339,37444,0.213077,14,14,383
0000915,-004.300,-001.800,0000.200,0000.0,0000.0,923,1426,879,258,2533,18051,9820,38249,0.221206,0,11,0
0000916,-004.250,-001.800,0000.200,0000.0,0000.0,958,1401,905,248,2553,17916,9716,38364,0.22345,0,11,2
0000917,-004.200,-001.800,0000.200,0000.0,0000.0,864,1398,900,345,2448,18305,9987,38080,0.246291,0,16,10
0000918,-004.150,-001.800,0000.200,0000.0,0000.0,1089,1149,643,369,2397,19274,10845,37162,0.202238,0,17,2
0000919,-004.100,-001.800,0000.200,0000.0,0000.0,1208,1123,695,276,1952,13778,7724,43103,0.212985,0,14,0
0000920,-004.050,-001.800,0000.200,0000.0,0000.0,1204,1154,735,249,2174,15143,8484,41516,0.205815,0,12,0
0000921,-004.000,-001.800,0000.200,0000.0,0000.0,1198,1234,766,175,2270,15224,8570,41339,0.192946,0,13,0
0000922,-003.950,-001.800,0000.200,0000.0,0000.0,1190,1243,766,174,2305,15279,8615,41249,0.191368,0,12,0
0000923,-003.900,-001.800,0000.200,0000.0,0000.0,1184,1148,668,275,2294,15571,8854,40968,0.19241,0,15,0
0000924,-003.850,-001.800,0000.200,0000.0,0000.0,1236,1117,654,254,2093,15992,9106,40748,0.193191,0,14,0
0000925,-003.800,-001.800,0000.200,0000.0,0000.0,1230,1102,640,275,2201,16170,9253,40462,0.190308,0,15,0
0000926,-003.750,-001.800,0000.200,0000.0,0000.0,1217,1085,622,305,2411,16396,9346,40026,0.184735,0,16,0
0000927,-003.700,-001.800,0000.200,0000.0,0000.0,1270,1168,711,169,2296,16827,9625,39710,0.179482,0,15,0
0000928,-003.650,-001.800,0000.200,0000.0,0000.0,1258,1180,720,169,2189,17056,9776,39588,0.185363,0,13,0
0000929,-003.600,-001.800,0000.200,0000.0,0000.0,1240,1196,720,171,2313,17417,9862,39103,0.181098,0,14,0
0000930,-003.550,-001.800,0000.200,0000.0,0000.0,1297,1110,669,200,2413,17617,9939,38803,0.173108,0,14,0
0000931,-003.500,-001.800,0000.200,0000.0,0000.0,1298,1085,639,224,2242,17920,9894,38671,0.177975,0,15,22
0000932,-003.450,-001.800,0000.200,0000.0,0000.0,1189,1211,684,207,2618,17893,9935,38322,0.170526,0,15,52
0000933,-003.400,-001.800,0000.200,0000.0,0000.0,1183,1227,703,197,2565,18203,10111,38065,0.174014,0,14,49
0000934,-003.350,-001.800,0000.200,0000.0,0000.0,1188,1239,743,180,2596,18232,10118,38005,0.177398,0,14,46
0000935,-003.300,-001.800,0000.200,0000.0,0000.0,1042,1250,781,315,2464,18501,10426,37868,0.216131,0,16,47
0000936,-003.250,-001.800,0000.200,0000.0,0000.0,1369,1040,578,198,2376,19063,10962,37394,0.155729,0,15,43
0000937,-003.200,-001.800,0000.200,0000.0,0000.0,1389,1049,579,169,1929,14099,8151,42805,0.164903,0,11,0
0000938,-003.150,-001.800,0000.200,0000.0,0000.0,1383,1051,598,173,2058,14193,8280,42582,0.165273,0,11,0
0000939,-003.100,-001.800,0000.200,0000.0,0000.0,1390,1036,585,181,2183,14303,8362,42347,0.159916,0,13,0
0000940,-003.050,-001.800,0000.200,0000.0,0000.0,1394,1062,620,151,2181,14446,8476,42206,0.161028,0,13,0
0000941,-003.000,-001.800,0000.200,0000.0,0000.0,1382,1070,609,155,2023,13275,7746,43535,0.165011,0,13,0
0000942,-002.950,-001.800,0000.200,0000.0,0000.0,1376,1078,613,153,2120,14928,8819,41785,0.162048,0,13,0
0000943,-002.900,-001.800,0000.200,0000.0,0000.0,1370,1027,572,210,2056,15206,9027,41571,0.167703,0,12,0
0000944,-002.850,-001.800,0000.200,0000.0,0000.0,1305,1089,580,213,2099,15474,9169,41260,0.168508,0,13,0
0000945,-002.800,-001.800,0000.200,0000.0,0000.0,1293,1062,563,252,2502,15535,9216,40796,0.159522,0,15,0
0000946,-002.750,-001.800,0000.200,0000.0,0000.0,1360,1059,605,188,2376,16080,9399,40377,0.159141,0,14,0
0000947,-002.700,-001.800,0000.200,0000.0,0000.0,1342,1079,617,186,2329,16636,9692,39868,0.162682,0,12,0
0000948,-002.650,-001.800,0000.200,0000.0,0000.0,1325,1007,523,275,2150,17268,9910,39415,0.167753,0,14,0
0000949,-002.600,-001.800,0000.200,0000.0,0000.0,1317,1011,531,279,2323,16942,9625,39568,0.1643,0,15,0
